GROUP 1,GROUP 2,GROUP 3,GROUP 4,GROUP 5,GROUP 6,GROUP 7
GROUP 1,GROUP 2,GROUP 3,GROUP 4,GROUP 5,GROUP 6,GROUP 7
0x7476c125d83ded2777bdf437eb1c133368c01330 <-> 0x87c5bd8d5e8c1667b86e4ee8fa60bd9cd70bca87 <-> 0x5b441f7ccf29ef51494008cbab224ffd45e153b2 <-> 0x6a269815ac6f094b25be5de18fbb0b2b04823358 <-> 0x7e869dadf3632fbb5c8feaaa0672807d87c6bf13 <-> 0xa398a2c62eeb4c7024ac2f36eb1cb4d870414362 <-> 0x6da0c6a8889089c9e466be8699992f19f0e18e3d <-> 0x921ec2c2b5a67066c8870c02c55c55ef6b1f7fde <-> 0x9246171854852536c8bc008776eb66faf35f8f4a <-> 0x88711825ef687d5cb9d86aba79b827a929f8060e <-> 0x626c408da748df58d844aa811aa83501556c10d1 <-> 0xa0fae158cd5a1cb3a36c474a2d2591c62571fc8a <-> 0x6a7f3292ddddca4e5cc9b7c82c801137fcac5490,0x82b601d2a2ae312ddc3a1c31ef86d5662a51af36 <-> 0x64efa51222cfa21215011029d4ebf39b59f0bb70 <-> 0x7bd7287f00922e5f573d8575f8a23adabe8c7588 <-> 0x8c2e4c5f20b0a0cce314aad725a390e254577bd0 <-> 0x790ea37af97f3b21bcfdc8d9ea8a1ed3ec05b6ef <-> 0xa6d7ec2dbc6a7b3921d81d626ca8e5f76a0c94d1 <-> 0x67043a94725e91429577278f9af95326720ea051 <-> 0x5d80de5c12858233d2e9a955c6604b6ce327dc32 <-> 0x7a0ea4aeb66411f76d0d8298bc074e45ebdfe15d <-> 0x77c3db040f79ae46a91529a667c03ab484b37116 <-> 0x558da052f27ea5fcf15b17d6a0c2b0d227e0ed49 <-> 0x584abc5b9434ec986529f77dba9ab7f58b415c8c <-> 0x58b699fc551314282126fff02b62d2f3e71d8723 <-> 0xa02306eb1de5e47e763d2065d53d55e386d0239c <-> 0x7dff93fce783b91f347ce7ba7181ca4a02ea9de0 <-> 0x6833c9040bcff71c3d7f8f3e84d3ae4f654f9b86,0x7ba9e03c2415214586e6a465a3db9edf9f0e70e6 <-> 0x93157af806d22be843c049881629e3312ad134ef <-> 0x6556a24a1a58d34e2433af814a5cbb3839b82b36 <-> 0x8b9b2035e6353787b8e44d97a70bd898afc441af <-> 0x66e2d28c6ee638346e40b3270665bd55b2d8e773 <-> 0x5ef8037cb456061d3dfd2ec386134a51066b6f07 <-> 0x61fa456abd066ba512fa984dabb8efbd329f816d <-> 0x8b06dbdd6d48b75a31eccf278b60894fbafd2a4b <-> 0xa2cf5a857aad88adc71ccd2864aa9f83977427f6 <-> 0x73452ea179a405795ccbab059176aa4342a1be57 <-> 0x87d515af98dee70b36992586fa71112c3a00e9bb <-> 0x5f4dac69830cceaed8370deeb3762e542166ab17 <-> 0x8dcd1f079f0e4404ed2c07d75717c8cd475de332 <-> 0x63ba306d91d5ab9d45c66dc9ad70b8cb81f6c278,0x9f3869f3a345594ceb3a4a4989f4d56b66958f9d <-> 0x5721f7cce304af43ab8ed25e9448534a60cefdd9 <-> 0x58ec469e90488e7a47c99e4cc7bfc92f42395efc <-> 0x6e3d7462aa47d63dfda2c9e7421b4e2ad3066a35 <-> 0x98624dee43ccc03b74f48e256456cbfb52d5828f <-> 0x8f321073068ab803309d641f030df8b5ebbc915d <-> 0x83364d4489955eb34063d49625298fbfb8e7985d <-> 0x96e973621c2ccb036eda5d73c9e3a2236c547ccf <-> 0x60294c5865b9b1f72fa9f7acc50675a0591e6533 <-> 0x80739c8bbb769c13d363663cd1d3a3ada786d938 <-> 0x6d006cf3e0a44df27644353f4d388c29e1ace5b8 <-> 0x77cc34de9ef3682387f3233787598a2be2898c3e <-> 0xa2491cd74db23f5742b64b03718d6b891879a8f0 <-> 0x65a13a97249455a4f894a3275afd63b1137f6fc0 <-> 0x94a3c53d28012a571d0f36c9a97993c9bff49edf <-> 0x9d71e1be1a06ab80a4737c5e7ceeaa1297947d37 <-> 0x65fd2b9f460d0acd964c44e3b93a1d74354dafb3,0x585a1da0d9884ff82eb538bef15ba7dbba9e8382 <-> 0x8ae1bd8a98eb772363157682f5238209276458be <-> 0x593176a04b6a4e3188abfb3e892d55671a0f6b56 <-> 0x774c6e8930ac08a1b00480135e0301e7967a1e22 <-> 0x9504937770fb216a9b0a34d9fbec8fdddb392ee3 <-> 0xa665a343a7dee34ccc6045aaf808a45d80e31d80 <-> 0x78022f272dcc0508b7d16883f8fa8c5702b62955 <-> 0x8c8578cb6ef972b978452b4f22b2677c97c18661 <-> 0x83cf5503402768415856fc629bd4f213e7effb43 <-> 0x65011e3ca5cd9e886a36d69ea52bab6ea126ebb4 <-> 0xa79efc23ada48bc2e57bf396e5ed5db9d37e6fb0 <-> 0x81c4a9a4f4ca1b0fe87c9ecc3fc855c64d781695 <-> 0x731111d4f903c913d4f1f83e0cd02067d3faa12f,0x593d2ecdd191541a4cabaabd79e440e880c4b7d3 <-> 0x889a14e6a2a9059444d7e0bf6faa607139196e0a <-> 0x57f502ebe3d7305c28e1d1f1247310affa3d5526 <-> 0x6235f52bf8f264e2356e10d74b74bbf31e660b1f <-> 0xa9f443a9a0034ce599560371d3627400b5a15012 <-> 0x8acd64e04716eace688152490902cc3f65895346 <-> 0x8a7dc9a0c5779a695edddae4c6d18183fafd6b8d <-> 0x7f6d6068325d9193ebcbc7eefa8b78faf33a4594 <-> 0x9f1be87d754b90db7b91baf665938e0746868b78 <-> 0x60c3deec36baeb78a5227f239f3fdf5f2cbb41cf <-> 0x8c3a50426a5b03ccce9591eb57457ec852420b0b <-> 0x77a14cfac4de8bfbb3a5c69a46742b12b583bffd <-> 0x84d42f6a94c9601836942b9e95a8f634c77a91ec <-> 0x56369b633cd6d0a2046b435cfaad0107d286a5d8,0xa64f2228ccec96076c82abb903021c33859082f8 <-> 0x6ac6505342aade7461e535b745c419e069526d14 <-> 0x6cde102aa34d4da9a266f2f0080c889cd6c92748 <-> 0x5e55b240bada3a286724ef68ee6fe5c543d6465a <-> 0x550d0fec5209777465863b12ac60c040dd97f9a5 <-> 0x71503c9d3fc8da244576c736b4f8c5972d937b31 <-> 0x5c54868adeb2cae0f0e6aa2e7610dcf9b0b06ed0 <-> 0x65ae75ef8c5e7fdde20eecdb14ec1f7a53258f53 <-> 0x9ae494fbac34682c122a1d4e3d6ae1eb5404a469 <-> 0x6d0ca44ede0818b4524c838f8175035f79d49bdc <-> 0x826976d7c600d45fb8287ca1d7c76fc8eb732030 <-> 0x6abade6569f03841a0d5233d23f175eeeb3253c4 <-> 0x85f736d5af98dc8d09745028f7e182bf81ae639f <-> 0x6c965b656c450259a6d4d95a2e68fb4319eecbc0 <-> 0x71a50dd2cadce18a41c4e56b457336713dddb3b4 <-> 0x7fb610713c8404e21676c01c271bb662df6eb63c <-> 0x68dcba93b512a0de773625340eb1c3c67bb19ef3 <-> 0x93bd46791ae02bb51a9a8974d321236ac3335369 <-> 0x5ce561e048d2cd64523d6316228f97bd2537f92f <-> 0x9045a4d097f03f34f515a3b3e7b2fd889dd2abb7 <-> 0x6dfdca1107c5af4b92948625105e1e87ba9b21b4 <-> 0x70f213d5df2f913125166c203b1f952bdc13b6a5 <-> 0xa9ccd6b0919e43fd7cfc990572e43c3cf6a17397 <-> 0x79bd8fce0c6de4bb07584472dd0251da18eb8834 <-> 0x58c67b6fc7b96f7f83e023e2beb7f641febc6270 <-> 0x6fd69ae1f7d2b2d537814156744786344c37348b <-> 0x9924285ff2207d6e36642b6832a515a6a3aedcab <-> 0xa331a2e72b75176c36f4e878c99f3e0585f77dc5 <-> 0x5ac583feb2b1f288c0a51d6cdca2e8c814bfe93b <-> 0x5cb4db7c9f48a97115e8ada31d0e974f36d8fd49 <-> 0x6d03cbc95172c140cbcd06d16f6c8c29e322c14e <-> 0x7326b0d5ba05bb1db17298a0283ab1d3269adeb2 <-> 0x818625b467b04416e41be4364f1eb48e0eec7400 <-> 0xa7e063e7d94fcc4b25ddf899bdc7c269ae6a1558 <-> 0x7d9ab478df690d523f3b419874b5ee0da3963924 <-> 0x8f48094a12c8f99d616ae8f3305d5ec73cbaa6b6 <-> 0x9a760aa1fe631fd9ac0aee0965736121c7c132cc <-> 0x6d26f4a4eb3b4c6cdb48837f0cd67298cdbe6e5f <-> 0x861fe68b2ed28f609c08f66a1c0bcc940b9bdc80
"hash: ""0x7b14db5af3ad66f4907e070583b71e56361551d5fef30f22e29f55cc797ad1b1"" from: ""0x7e869dadf3632fbb5c8feaaa0672807d87c6bf13"" to: ""0x87c5bd8d5e8c1667b86e4ee8fa60bd9cd70bca87"" tokenSymbol: ""XDAI"" value: ""221.0""","hash: ""0xb2080e15c3ae41497a2e9afda0b483b4689d6e6f8b195ad45ca78a5e5fb5e71c"" from: ""0x77c3db040f79ae46a91529a667c03ab484b37116"" to: ""0x58b699fc551314282126fff02b62d2f3e71d8723"" tokenSymbol: ""XDAI"" value: ""3.0""","hash: ""0x0e432a40795b48352546b110fad77dd549c3c20a9d5090f91c0d2a146ace4594"" from: ""0x8b06dbdd6d48b75a31eccf278b60894fbafd2a4b"" to: ""0x73452ea179a405795ccbab059176aa4342a1be57"" tokenSymbol: ""XDAI"" value: ""0.05""","hash: ""0x6b133613da3337565dfac6b168704a0b8bf4532531791c1b0246327538b5c584"" from: ""0x77cc34de9ef3682387f3233787598a2be2898c3e"" to: ""0x6d006cf3e0a44df27644353f4d388c29e1ace5b8"" tokenSymbol: ""XDAI"" value: ""219.0057704424532""","hash: ""0xabbe80eaef212a66478c7d5885ee8f883fd7001e6f4a4921a7569f6399493303"" from: ""0x9504937770fb216a9b0a34d9fbec8fdddb392ee3"" to: ""0x65011e3ca5cd9e886a36d69ea52bab6ea126ebb4"" tokenSymbol: ""XDAI"" value: ""818.0""","hash: ""0x51c37fe5cc9e54a8c93da5fe3320f9e72bcbb410b087a119c5c285fbe6c31eaf"" from: ""0x8acd64e04716eace688152490902cc3f65895346"" to: ""0x7f6d6068325d9193ebcbc7eefa8b78faf33a4594"" tokenSymbol: ""XDAI"" value: ""10.0""","hash: ""0x3ca13a13150bcc9977c721451a34965f062943b2462961882c51e339ff92f34b"" from: ""0x93bd46791ae02bb51a9a8974d321236ac3335369"" to: ""0x9a760aa1fe631fd9ac0aee0965736121c7c132cc"" tokenSymbol: ""XDAI"" value: ""9.135e-07"""
"hash: ""0xc0ead10d945abb6f184f1e9f0b46c78ea517d40a1f59c165a6078e215505dfdc"" from: ""0x7e869dadf3632fbb5c8feaaa0672807d87c6bf13"" to: ""0x87c5bd8d5e8c1667b86e4ee8fa60bd9cd70bca87"" tokenSymbol: ""XDAI"" value: ""2.0""","hash: ""0xe0e9517da7eebaeb044f0b9917772628bd1da047d6434c045092322ae111b825"" from: ""0x77c3db040f79ae46a91529a667c03ab484b37116"" to: ""0x58b699fc551314282126fff02b62d2f3e71d8723"" tokenSymbol: ""XDAI"" value: ""1020.0""","hash: ""0xf2af5ea093b590719ea39234c105e5fcd6afc6c7077691b8b3d63b43b32463e1"" from: ""0xa2cf5a857aad88adc71ccd2864aa9f83977427f6"" to: ""0x5f4dac69830cceaed8370deeb3762e542166ab17"" tokenSymbol: ""XDAI"" value: ""318.0""","hash: ""0x4a978b271040ae9b98596238ae0cb5f789bfe1444e6565869c892283726d3105"" from: ""0x6d006cf3e0a44df27644353f4d388c29e1ace5b8"" to: ""0x60294c5865b9b1f72fa9f7acc50675a0591e6533"" tokenSymbol: ""XDAI"" value: ""0.000596935533073351""","hash: ""0xded1dae81f8854066f8fe1bcb63455b47673a881ffe2e0f52527bd410e2b482a"" from: ""0x731111d4f903c913d4f1f83e0cd02067d3faa12f"" to: ""0x9504937770fb216a9b0a34d9fbec8fdddb392ee3"" tokenSymbol: ""XDAI"" value: ""100.0""","hash: ""0x25e65115b906e18eb20dee16ec6d6f433ef84474c218043376262773cc49acc5"" from: ""0x8acd64e04716eace688152490902cc3f65895346"" to: ""0x7f6d6068325d9193ebcbc7eefa8b78faf33a4594"" tokenSymbol: ""XDAI"" value: ""280.0""","hash: ""0x71c36c2234a1eaceb9332f40ce16d3d4f02b8ce9f80f66807e1e5d56528c8398"" from: ""0x93bd46791ae02bb51a9a8974d321236ac3335369"" to: ""0x9a760aa1fe631fd9ac0aee0965736121c7c132cc"" tokenSymbol: ""XDAI"" value: ""4.109e-07"""
"hash: ""0x27fcc4659b6e4080f44fea0141f36ab34b896ad2f9df7a50f30c299f9bc4682a"" from: ""0x87c5bd8d5e8c1667b86e4ee8fa60bd9cd70bca87"" to: ""0x7e869dadf3632fbb5c8feaaa0672807d87c6bf13"" tokenSymbol: ""XDAI"" value: ""39.502817681""","hash: ""0x0ebfd68555b3ea3f5cdda5c3278c584229033c4df746b0621746576d776c98d3"" from: ""0x58b699fc551314282126fff02b62d2f3e71d8723"" to: ""0x82b601d2a2ae312ddc3a1c31ef86d5662a51af36"" tokenSymbol: ""XDAI"" value: ""1.0""","hash: ""0xc0820917ae284d4ed5dd6e0cc14d793b6d1c7cac15327ecbf2f4e4c95c0c3d77"" from: ""0x8dcd1f079f0e4404ed2c07d75717c8cd475de332"" to: ""0x66e2d28c6ee638346e40b3270665bd55b2d8e773"" tokenSymbol: ""XDAI"" value: ""692.0293529190723""","hash: ""0x0f7a5bee3c14bf6ffe38abfe90cbe66e4227f9dc7f78a373dbfcdd15ca6b906c"" from: ""0x6d006cf3e0a44df27644353f4d388c29e1ace5b8"" to: ""0x77cc34de9ef3682387f3233787598a2be2898c3e"" tokenSymbol: ""XDAI"" value: ""2.925308705897127""","hash: ""0x8f5e703ef4f7f4ecb4b805961e9266584fbf6fbf450e69656e9b578c7558029f"" from: ""0x65011e3ca5cd9e886a36d69ea52bab6ea126ebb4"" to: ""0x9504937770fb216a9b0a34d9fbec8fdddb392ee3"" tokenSymbol: ""XDAI"" value: ""10.0""","hash: ""0x9cdf612b2a0be21c44bbb16f0a9be3feb07d016e0d18402bf9abe129235b1e65"" from: ""0x8acd64e04716eace688152490902cc3f65895346"" to: ""0x7f6d6068325d9193ebcbc7eefa8b78faf33a4594"" tokenSymbol: ""XDAI"" value: ""202.0""","hash: ""0x9dbba320268d8d1343bac861879662a750ced1be760ba030af6e91e019099364"" from: ""0x9924285ff2207d6e36642b6832a515a6a3aedcab"" to: ""0xa9ccd6b0919e43fd7cfc990572e43c3cf6a17397"" tokenSymbol: ""XDAI"" value: ""17.0"""
"hash: ""0x3b791edbbfa2044ce2b9d09bfe1e270a63e2887bd363bfc2dc81c3c41dd0eacb"" from: ""0x6da0c6a8889089c9e466be8699992f19f0e18e3d"" to: ""0x87c5bd8d5e8c1667b86e4ee8fa60bd9cd70bca87"" tokenSymbol: ""XDAI"" value: ""200.0""","hash: ""0x8c04529cb513ff3fb9cd1744cd8411e88dcc4bbdae8598b6ad55ee8380f3c29b"" from: ""0x82b601d2a2ae312ddc3a1c31ef86d5662a51af36"" to: ""0x58b699fc551314282126fff02b62d2f3e71d8723"" tokenSymbol: ""XDAI"" value: ""68.0""","hash: ""0xe797150139169ed1929449cdd3102c548759347ae7d4d19461cce0e4bf57cf1d"" from: ""0x93157af806d22be843c049881629e3312ad134ef"" to: ""0x66e2d28c6ee638346e40b3270665bd55b2d8e773"" tokenSymbol: ""XDAI"" value: ""0.01""","hash: ""0xa88346296886a543f152b33ecc84bfa062377f8a7e8a285715d7039a2ec9b4a0"" from: ""0x9f3869f3a345594ceb3a4a4989f4d56b66958f9d"" to: ""0x58ec469e90488e7a47c99e4cc7bfc92f42395efc"" tokenSymbol: ""XDAI"" value: ""209.34391383051747""","hash: ""0x76ddc640f921439334d24a786de132ace1459f851f23afbcb3cbd5cf0a252d36"" from: ""0x8c8578cb6ef972b978452b4f22b2677c97c18661"" to: ""0x9504937770fb216a9b0a34d9fbec8fdddb392ee3"" tokenSymbol: ""XDAI"" value: ""20.0""","hash: ""0x2f9b90ef937ef35df9cf79f24b664a5a1d92ec19eac46c3c584bdd10f0057dd0"" from: ""0x8acd64e04716eace688152490902cc3f65895346"" to: ""0x7f6d6068325d9193ebcbc7eefa8b78faf33a4594"" tokenSymbol: ""XDAI"" value: ""258.0""","hash: ""0xa4b646bc157614921492428e1dbd7a96c77b6fad43fc6b1cff7f4beb9d7f5f73"" from: ""0x6c965b656c450259a6d4d95a2e68fb4319eecbc0"" to: ""0x861fe68b2ed28f609c08f66a1c0bcc940b9bdc80"" tokenSymbol: ""XDAI"" value: ""1.0"""
"hash: ""0xe3e74eb556008530e7a53066478fc6a02676a33c789471fd1f961207b98edd93"" from: ""0x7476c125d83ded2777bdf437eb1c133368c01330"" to: ""0x87c5bd8d5e8c1667b86e4ee8fa60bd9cd70bca87"" tokenSymbol: ""XDAI"" value: ""35.0""","hash: ""0xd9fcec1cbeff6b221f91fd33486ce7991c7cd7abbc39bb01c4954cb1941bfb12"" from: ""0x58b699fc551314282126fff02b62d2f3e71d8723"" to: ""0x6833c9040bcff71c3d7f8f3e84d3ae4f654f9b86"" tokenSymbol: ""XDAI"" value: ""0.079""","hash: ""0x6ee5330939517115fc52331d8a22c46a31f0d71d80cb8e1cf259e25e8f72b40f"" from: ""0x93157af806d22be843c049881629e3312ad134ef"" to: ""0x66e2d28c6ee638346e40b3270665bd55b2d8e773"" tokenSymbol: ""XDAI"" value: ""1.0""","hash: ""0x015dbc63e35440464294b4b575c9380686ea1b9e3b12dae8111abf41216dd598"" from: ""0x58ec469e90488e7a47c99e4cc7bfc92f42395efc"" to: ""0x60294c5865b9b1f72fa9f7acc50675a0591e6533"" tokenSymbol: ""XDAI"" value: ""0.003712425517321135""","hash: ""0x37155b60f912c3b5b14721d2cc4fa20f1a595adb6ff22ba78bda00502d3485f1"" from: ""0x9504937770fb216a9b0a34d9fbec8fdddb392ee3"" to: ""0x8c8578cb6ef972b978452b4f22b2677c97c18661"" tokenSymbol: ""XDAI"" value: ""2.0""","hash: ""0x4a846d40514fa95f9f0bfdfb34a63b83a9573b13ad3c5bf99d5268756c19ab90"" from: ""0x7f6d6068325d9193ebcbc7eefa8b78faf33a4594"" to: ""0x8a7dc9a0c5779a695edddae4c6d18183fafd6b8d"" tokenSymbol: ""XDAI"" value: ""10.860590915399456""","hash: ""0x84e1f0166b74f700106d11441016e59ca38b0545b0d6eded3f482b01d1f572a6"" from: ""0x861fe68b2ed28f609c08f66a1c0bcc940b9bdc80"" to: ""0x6c965b656c450259a6d4d95a2e68fb4319eecbc0"" tokenSymbol: ""XDAI"" value: ""1.17"""
"hash: ""0xc8efafd84e1d3f5ed39b37f528b3d64b01608d2d8860b579956304ec5714e7ee"" from: ""0x6da0c6a8889089c9e466be8699992f19f0e18e3d"" to: ""0x7e869dadf3632fbb5c8feaaa0672807d87c6bf13"" tokenSymbol: ""XDAI"" value: ""487.01296836835525""","hash: ""0x018aed797cb2aabbb1ef2a655f2b9eda1a53093e7334a39d93cb0ca8bd2ee34c"" from: ""0x58b699fc551314282126fff02b62d2f3e71d8723"" to: ""0x6833c9040bcff71c3d7f8f3e84d3ae4f654f9b86"" tokenSymbol: ""XDAI"" value: ""0.00079""","hash: ""0x997ae7d661f257185033cb9f8541b8f41ca965a1ba50c0fe946e5fb3b3f63653"" from: ""0x8dcd1f079f0e4404ed2c07d75717c8cd475de332"" to: ""0x66e2d28c6ee638346e40b3270665bd55b2d8e773"" tokenSymbol: ""XDAI"" value: ""588.0""","hash: ""0xcafadb50821c5a5c6e7ac5311b55873be803056b06c7fe3056bf6680f99f3f89"" from: ""0x58ec469e90488e7a47c99e4cc7bfc92f42395efc"" to: ""0x9f3869f3a345594ceb3a4a4989f4d56b66958f9d"" tokenSymbol: ""XDAI"" value: ""2.8991011793166774""","hash: ""0x680f391fa363a3999102e31778b7abd997397ca2f97fa376308805e021113fbf"" from: ""0x81c4a9a4f4ca1b0fe87c9ecc3fc855c64d781695"" to: ""0x731111d4f903c913d4f1f83e0cd02067d3faa12f"" tokenSymbol: ""XDAI"" value: ""903.6""","hash: ""0x6ad4f7f84d33925787c9e3a0992445b3b82da69195edcf970bfd415d14a48d62"" from: ""0x56369b633cd6d0a2046b435cfaad0107d286a5d8"" to: ""0xa9f443a9a0034ce599560371d3627400b5a15012"" tokenSymbol: ""XDAI"" value: ""186.0""","hash: ""0xd2da8fde8f01e7ec28e1d59245bb809f33fa5644cea9c36c720601ccb47e3772"" from: ""0x6c965b656c450259a6d4d95a2e68fb4319eecbc0"" to: ""0x861fe68b2ed28f609c08f66a1c0bcc940b9bdc80"" tokenSymbol: ""XDAI"" value: ""0.5"""
"hash: ""0x1906ceb3662154e33c167b4d1dcd6f1ce8d174b6bcc37f6a1e7cc62806e0846e"" from: ""0x7e869dadf3632fbb5c8feaaa0672807d87c6bf13"" to: ""0x7476c125d83ded2777bdf437eb1c133368c01330"" tokenSymbol: ""XDAI"" value: ""3.0""","hash: ""0x425e3a9af6d023c90c0cb703c5ddef26348acf2b879afe48689186e06f2151c5"" from: ""0x58b699fc551314282126fff02b62d2f3e71d8723"" to: ""0x6833c9040bcff71c3d7f8f3e84d3ae4f654f9b86"" tokenSymbol: ""XDAI"" value: ""8.42298e-05""","hash: ""0x302b8074758cb074970d6ded94e2234da553ad6e6df593e57bcbb10fe60e71b5"" from: ""0x8dcd1f079f0e4404ed2c07d75717c8cd475de332"" to: ""0x8b9b2035e6353787b8e44d97a70bd898afc441af"" tokenSymbol: ""XDAI"" value: ""0.02""","hash: ""0x590ef0621171312469af58851d9e5e4825e1517a4b01c286768dc08fc8e87148"" from: ""0x5721f7cce304af43ab8ed25e9448534a60cefdd9"" to: ""0x60294c5865b9b1f72fa9f7acc50675a0591e6533"" tokenSymbol: ""XDAI"" value: ""0.001173604606434225""","hash: ""0xe867240ec99a271392e3467bc84e0b34b757991b54a94da17a4a2064c4435c94"" from: ""0x731111d4f903c913d4f1f83e0cd02067d3faa12f"" to: ""0x774c6e8930ac08a1b00480135e0301e7967a1e22"" tokenSymbol: ""XDAI"" value: ""890.0""","hash: ""0x096d4c9afd96753a8af8a08daec61af7909fd672ac20603d77e18df35e4cf4a3"" from: ""0x56369b633cd6d0a2046b435cfaad0107d286a5d8"" to: ""0xa9f443a9a0034ce599560371d3627400b5a15012"" tokenSymbol: ""XDAI"" value: ""280.0""","hash: ""0x171c9bd50bb1e4d2fed644457d2fca8f9332779059aef14a98f607e917a79332"" from: ""0x6c965b656c450259a6d4d95a2e68fb4319eecbc0"" to: ""0x861fe68b2ed28f609c08f66a1c0bcc940b9bdc80"" tokenSymbol: ""XDAI"" value: ""0.4"""
"hash: ""0xaee41981a88524217d367a38c629513aa05584f05b364f25fbbb13f0b84a285d"" from: ""0x7e869dadf3632fbb5c8feaaa0672807d87c6bf13"" to: ""0x6a269815ac6f094b25be5de18fbb0b2b04823358"" tokenSymbol: ""XDAI"" value: ""3.0""","hash: ""0xc929dc5da8f706de5be0a7b0c77913dccf9597ff3992c0a07bf8e87c96c61048"" from: ""0x58b699fc551314282126fff02b62d2f3e71d8723"" to: ""0x6833c9040bcff71c3d7f8f3e84d3ae4f654f9b86"" tokenSymbol: ""XDAI"" value: ""1.19999678e-07""","hash: ""0x70d9b9f7ca115a936f2203e43d735313b27560d0d63bc25ede7b91ca1809679f"" from: ""0x93157af806d22be843c049881629e3312ad134ef"" to: ""0x8b06dbdd6d48b75a31eccf278b60894fbafd2a4b"" tokenSymbol: ""XDAI"" value: ""0.05""","hash: ""0xf93287a41d07185f9a98255e6082e3a301d7187a5102703f7f2ee0b5c5beaf72"" from: ""0x6e3d7462aa47d63dfda2c9e7421b4e2ad3066a35"" to: ""0x60294c5865b9b1f72fa9f7acc50675a0591e6533"" tokenSymbol: ""XDAI"" value: ""0.001658167530701716""","hash: ""0xca0e563e2456beaf9ce82ddc93dc7e648218eef4d31b4d11f1b386fad52e0d50"" from: ""0x81c4a9a4f4ca1b0fe87c9ecc3fc855c64d781695"" to: ""0x731111d4f903c913d4f1f83e0cd02067d3faa12f"" tokenSymbol: ""XDAI"" value: ""772.0""","hash: ""0x2b4d1c03b6ca1bbd294e0b80e7bbe9aa34974e4808a68312c018f583e3c3619e"" from: ""0x56369b633cd6d0a2046b435cfaad0107d286a5d8"" to: ""0xa9f443a9a0034ce599560371d3627400b5a15012"" tokenSymbol: ""XDAI"" value: ""143.0""","hash: ""0x3c267aa80af860b3b6b7f3412f8b59716f56dc14d72be7d29855746978a06bec"" from: ""0x861fe68b2ed28f609c08f66a1c0bcc940b9bdc80"" to: ""0x6c965b656c450259a6d4d95a2e68fb4319eecbc0"" tokenSymbol: ""XDAI"" value: ""0.3"""
"hash: ""0x14653cc78e6d773acfc78b0dcca278f1709b26dff96737f2c6627fb38faa4855"" from: ""0x7e869dadf3632fbb5c8feaaa0672807d87c6bf13"" to: ""0x921ec2c2b5a67066c8870c02c55c55ef6b1f7fde"" tokenSymbol: ""XDAI"" value: ""2.0""","hash: ""0x894ad34638603586f9bd060d3ad77e8d0b3fcb4b10e8d34a835e9807c34f70b8"" from: ""0x58b699fc551314282126fff02b62d2f3e71d8723"" to: ""0x6833c9040bcff71c3d7f8f3e84d3ae4f654f9b86"" tokenSymbol: ""XDAI"" value: ""0.006700000000018""","hash: ""0x47a42ec475b6f904f4e230c4223b703004eacbd310b28d4db35f261ab3967ce6"" from: ""0x87d515af98dee70b36992586fa71112c3a00e9bb"" to: ""0x8b06dbdd6d48b75a31eccf278b60894fbafd2a4b"" tokenSymbol: ""XDAI"" value: ""700.0""","hash: ""0x4c575151d04f97c027d836752549bac0815e3696ee018573023cffd2b0d45515"" from: ""0x80739c8bbb769c13d363663cd1d3a3ada786d938"" to: ""0x60294c5865b9b1f72fa9f7acc50675a0591e6533"" tokenSymbol: ""XDAI"" value: ""0.002237324888040816""","hash: ""0x58281abb8afaf3879df302c489f2699e33d66f614baf9cdc47135aa7a4145bb8"" from: ""0x731111d4f903c913d4f1f83e0cd02067d3faa12f"" to: ""0x774c6e8930ac08a1b00480135e0301e7967a1e22"" tokenSymbol: ""XDAI"" value: ""100.0""","hash: ""0xbd276bdcb929efaa9212678a28f4071bca2a72d11821cea92ff3794d34044fba"" from: ""0x56369b633cd6d0a2046b435cfaad0107d286a5d8"" to: ""0xa9f443a9a0034ce599560371d3627400b5a15012"" tokenSymbol: ""XDAI"" value: ""252.0""","hash: ""0x7e193e6c9b7f5198efb81da3633bd4d30dd8c6ec7c85cc7efd3eadd49d9aa238"" from: ""0x861fe68b2ed28f609c08f66a1c0bcc940b9bdc80"" to: ""0x6c965b656c450259a6d4d95a2e68fb4319eecbc0"" tokenSymbol: ""XDAI"" value: ""1.5"""
"hash: ""0x76ae7a754670b2373ac7972a4502ef2dea613aa64a99c47746e4356c0ee31f45"" from: ""0x7e869dadf3632fbb5c8feaaa0672807d87c6bf13"" to: ""0x6a269815ac6f094b25be5de18fbb0b2b04823358"" tokenSymbol: ""XDAI"" value: ""800.0""","hash: ""0x2c026c27fb39db2573669e837e662a79cec8cab6edfb19d38438d671e0d8ea13"" from: ""0x58b699fc551314282126fff02b62d2f3e71d8723"" to: ""0x6833c9040bcff71c3d7f8f3e84d3ae4f654f9b86"" tokenSymbol: ""XDAI"" value: ""0.000201000000006""","hash: ""0x6c1b3a863bdcd1dfa065cf04b4fce1f7fc41b90f1181feeddbecc1a9311a4c1e"" from: ""0x8b06dbdd6d48b75a31eccf278b60894fbafd2a4b"" to: ""0x5ef8037cb456061d3dfd2ec386134a51066b6f07"" tokenSymbol: ""XDAI"" value: ""0.05""","hash: ""0x467f3fa805969087f1e9c4625a9920b310ca23cf6a0b967552fb2155c936c57f"" from: ""0x9d71e1be1a06ab80a4737c5e7ceeaa1297947d37"" to: ""0x60294c5865b9b1f72fa9f7acc50675a0591e6533"" tokenSymbol: ""XDAI"" value: ""0.01570767752386215""","hash: ""0x7f8186d4f707bfb6a68d254c280573a7dc39a12047dd7944f474b0c942f7c4a3"" from: ""0x731111d4f903c913d4f1f83e0cd02067d3faa12f"" to: ""0x8ae1bd8a98eb772363157682f5238209276458be"" tokenSymbol: ""XDAI"" value: ""100.0""","hash: ""0x39d6a5039f6c04bbe3d6148895f9f1d75d14fa72a3bdc54891da9a88e7ea8102"" from: ""0xa9f443a9a0034ce599560371d3627400b5a15012"" to: ""0x8a7dc9a0c5779a695edddae4c6d18183fafd6b8d"" tokenSymbol: ""XDAI"" value: ""10.287334679440098""","hash: ""0x16dfd8b93070cb7ed9308695219af5feacd55fac5feb2b7a7862aa8675cc54ac"" from: ""0x861fe68b2ed28f609c08f66a1c0bcc940b9bdc80"" to: ""0x6c965b656c450259a6d4d95a2e68fb4319eecbc0"" tokenSymbol: ""XDAI"" value: ""43.0"""
"hash: ""0xbed8016d0eada5ec7e860c99680c6b648701f5e0a4404693be321cc94ad57ae2"" from: ""0x7e869dadf3632fbb5c8feaaa0672807d87c6bf13"" to: ""0x6da0c6a8889089c9e466be8699992f19f0e18e3d"" tokenSymbol: ""XDAI"" value: ""25.11115968016""","hash: ""0xc896c25d85c72d63b59c159b274b47e11e705590f1b18313ffc7004480c777ca"" from: ""0x58b699fc551314282126fff02b62d2f3e71d8723"" to: ""0x6833c9040bcff71c3d7f8f3e84d3ae4f654f9b86"" tokenSymbol: ""XDAI"" value: ""0.006700000000018""","hash: ""0xbcb9d990a85cc4cad8c70d14f2b10f1f9cef0f6adc28e9d739e0e88a478f6120"" from: ""0x8b06dbdd6d48b75a31eccf278b60894fbafd2a4b"" to: ""0x63ba306d91d5ab9d45c66dc9ad70b8cb81f6c278"" tokenSymbol: ""XDAI"" value: ""0.05""","hash: ""0x01094237ad7945b4e5e91f2e02891c016952c62144589d39530e83dc0a116a3c"" from: ""0x8f321073068ab803309d641f030df8b5ebbc915d"" to: ""0x60294c5865b9b1f72fa9f7acc50675a0591e6533"" tokenSymbol: ""XDAI"" value: ""0.004603845948206136""","hash: ""0x81d05599cba6f98324b23935b4e76b53fe21a9016393c4560ba3dbaac857b057"" from: ""0x731111d4f903c913d4f1f83e0cd02067d3faa12f"" to: ""0x8c8578cb6ef972b978452b4f22b2677c97c18661"" tokenSymbol: ""XDAI"" value: ""100.0""","hash: ""0x1143ee59d5204ca385591a1ea81776b60a5f6eb2c4e506e6cce75d406984dae5"" from: ""0x9f1be87d754b90db7b91baf665938e0746868b78"" to: ""0x8a7dc9a0c5779a695edddae4c6d18183fafd6b8d"" tokenSymbol: ""XDAI"" value: ""10.300379955986017""","hash: ""0x8b2a551b90ba5c7feddfe09cb1ba3780db6824fac4796e147c5a1a12cee6267f"" from: ""0x6c965b656c450259a6d4d95a2e68fb4319eecbc0"" to: ""0x861fe68b2ed28f609c08f66a1c0bcc940b9bdc80"" tokenSymbol: ""XDAI"" value: ""20.0"""
"hash: ""0xdaccd0d79a18ed1c16465f6037fd140fcb7082557218bb99faafb0d0e834b3e9"" from: ""0x6da0c6a8889089c9e466be8699992f19f0e18e3d"" to: ""0x7e869dadf3632fbb5c8feaaa0672807d87c6bf13"" tokenSymbol: ""XDAI"" value: ""150.0""","hash: ""0x5bf33893167c17c900a4a2ac2a0df97872dfc2524fe7c254057eb3ba3118e98d"" from: ""0x58b699fc551314282126fff02b62d2f3e71d8723"" to: ""0x6833c9040bcff71c3d7f8f3e84d3ae4f654f9b86"" tokenSymbol: ""XDAI"" value: ""7.1690000009e-05""","hash: ""0x42a9a56d1afe37f036f21c0a547913f6680f8b63d15b2c380fd69efee3233285"" from: ""0x8b06dbdd6d48b75a31eccf278b60894fbafd2a4b"" to: ""0x6556a24a1a58d34e2433af814a5cbb3839b82b36"" tokenSymbol: ""XDAI"" value: ""0.05""","hash: ""0x48a8f642c80d995f767bba97865b3e6f51c629911a93001a84960e71a1598f2e"" from: ""0xa2491cd74db23f5742b64b03718d6b891879a8f0"" to: ""0x60294c5865b9b1f72fa9f7acc50675a0591e6533"" tokenSymbol: ""XDAI"" value: ""0.002394101072660595""","hash: ""0x8931889b0ae918b87efd7f923b876e17dd92c371b48c9a36449ad49f0d26fe57"" from: ""0x731111d4f903c913d4f1f83e0cd02067d3faa12f"" to: ""0x81c4a9a4f4ca1b0fe87c9ecc3fc855c64d781695"" tokenSymbol: ""XDAI"" value: ""80.0""","hash: ""0xbacf60807e2d2a8aeceff4abc266660357b13b3e4f3120e62bcb057281332441"" from: ""0x60c3deec36baeb78a5227f239f3fdf5f2cbb41cf"" to: ""0x8a7dc9a0c5779a695edddae4c6d18183fafd6b8d"" tokenSymbol: ""XDAI"" value: ""6.482124281462489""","hash: ""0x9576126087c6e5262e34f19cf55a7a3c6dd1398c2c3789cadf988f9b35bf9543"" from: ""0x861fe68b2ed28f609c08f66a1c0bcc940b9bdc80"" to: ""0x9ae494fbac34682c122a1d4e3d6ae1eb5404a469"" tokenSymbol: ""XDAI"" value: ""3.32"""
"hash: ""0xb4388aa60bc81948e4bc619cb2504f857298dc41933ef7ca65cb223f1e4b3d4e"" from: ""0x7e869dadf3632fbb5c8feaaa0672807d87c6bf13"" to: ""0x9246171854852536c8bc008776eb66faf35f8f4a"" tokenSymbol: ""XDAI"" value: ""5.0""","hash: ""0xe2580842a876427820a027d7d5ffd3fd01025be097593dea71e6864854e4df19"" from: ""0x8c2e4c5f20b0a0cce314aad725a390e254577bd0"" to: ""0x6833c9040bcff71c3d7f8f3e84d3ae4f654f9b86"" tokenSymbol: ""XDAI"" value: ""0.40018997488464664""","hash: ""0x0507310094de064b2f2d13c4fe840a043c406fff442255e84fe899df2b6a8249"" from: ""0x8b06dbdd6d48b75a31eccf278b60894fbafd2a4b"" to: ""0x61fa456abd066ba512fa984dabb8efbd329f816d"" tokenSymbol: ""XDAI"" value: ""0.05""","hash: ""0x0973eae14692a6bc4ac8164672f17aafa641743fb1977c09a5dcc0d216f6ebbe"" from: ""0x96e973621c2ccb036eda5d73c9e3a2236c547ccf"" to: ""0x60294c5865b9b1f72fa9f7acc50675a0591e6533"" tokenSymbol: ""XDAI"" value: ""8.7285431604782e-05""","hash: ""0x6f1994f772382b104d612d6947fa55c747fc24a9c39d844fe45706ff4dcb124c"" from: ""0x731111d4f903c913d4f1f83e0cd02067d3faa12f"" to: ""0x83cf5503402768415856fc629bd4f213e7effb43"" tokenSymbol: ""XDAI"" value: ""90.0""","hash: ""0x6187d27f7bcf371f73c5101e3753dc698737ad37abbd4165264005842446b9ef"" from: ""0x77a14cfac4de8bfbb3a5c69a46742b12b583bffd"" to: ""0x8c3a50426a5b03ccce9591eb57457ec852420b0b"" tokenSymbol: ""XDAI"" value: ""14.0""","hash: ""0x3a6d87cac13a46592d07ed583c036db158711aef251dcd2d187b6c554f4bdf7b"" from: ""0x861fe68b2ed28f609c08f66a1c0bcc940b9bdc80"" to: ""0x9ae494fbac34682c122a1d4e3d6ae1eb5404a469"" tokenSymbol: ""XDAI"" value: ""0.83"""
"hash: ""0xe5ef6498206632371a83c079fb2de8852b42e94c97294cd1d1fb3287dc0ee668"" from: ""0x6a269815ac6f094b25be5de18fbb0b2b04823358"" to: ""0x7e869dadf3632fbb5c8feaaa0672807d87c6bf13"" tokenSymbol: ""XDAI"" value: ""70.0""","hash: ""0x6fed92d9acd29d768db41317777a73607c6092ec673ff9aaccb31f3b7e9e80c8"" from: ""0xa6d7ec2dbc6a7b3921d81d626ca8e5f76a0c94d1"" to: ""0x6833c9040bcff71c3d7f8f3e84d3ae4f654f9b86"" tokenSymbol: ""XDAI"" value: ""0.0373288838674019""","hash: ""0x9898f84f7cd6900ad084f017b3abc85c401e081754326ba32edbe6731298e3c7"" from: ""0x87d515af98dee70b36992586fa71112c3a00e9bb"" to: ""0x8b06dbdd6d48b75a31eccf278b60894fbafd2a4b"" tokenSymbol: ""XDAI"" value: ""20.0""","hash: ""0xcc709c223f4cdd5ce7d0319d7863e8cf7c557453380270494eaa4e348d0da154"" from: ""0x65a13a97249455a4f894a3275afd63b1137f6fc0"" to: ""0x60294c5865b9b1f72fa9f7acc50675a0591e6533"" tokenSymbol: ""XDAI"" value: ""0.000538672760975712""","hash: ""0x86ac3019b7e36a53603eeb1bf9f796a88e1318ba1bba49d203beed61899585b9"" from: ""0x731111d4f903c913d4f1f83e0cd02067d3faa12f"" to: ""0x585a1da0d9884ff82eb538bef15ba7dbba9e8382"" tokenSymbol: ""XDAI"" value: ""75.0""","hash: ""0x4cb53b13af6277dee5e96394e2f27466a52a1b1729e88080966991abf1dd2e3e"" from: ""0x8c3a50426a5b03ccce9591eb57457ec852420b0b"" to: ""0x84d42f6a94c9601836942b9e95a8f634c77a91ec"" tokenSymbol: ""XDAI"" value: ""8.0""","hash: ""0x3b02484ed0c88bdf8811a70c5dd06695f2609322af3609586d91a1ff8a249b6b"" from: ""0x861fe68b2ed28f609c08f66a1c0bcc940b9bdc80"" to: ""0x9ae494fbac34682c122a1d4e3d6ae1eb5404a469"" tokenSymbol: ""XDAI"" value: ""13.78"""
"hash: ""0xb9b9e5beb138288ee57a13d74a4e707caa06cee533c2cec677e1982800ed561a"" from: ""0x7e869dadf3632fbb5c8feaaa0672807d87c6bf13"" to: ""0x7476c125d83ded2777bdf437eb1c133368c01330"" tokenSymbol: ""XDAI"" value: ""30.0""","hash: ""0x45b249fa7ff1096d61cc96064aed964530edd6bab48fd79c41582f582fb66555"" from: ""0x77c3db040f79ae46a91529a667c03ab484b37116"" to: ""0x790ea37af97f3b21bcfdc8d9ea8a1ed3ec05b6ef"" tokenSymbol: ""XDAI"" value: ""1.5""","hash: ""0x9f706ae8cf6e1ee5556692310c5b83777a7e32931a14537fe9382814484a75c4"" from: ""0x93157af806d22be843c049881629e3312ad134ef"" to: ""0x87d515af98dee70b36992586fa71112c3a00e9bb"" tokenSymbol: ""XDAI"" value: ""35.0""","hash: ""0x03eb3e0f26fe9edf10108f421768fe4367d80682571677707762efdb43440127"" from: ""0x83364d4489955eb34063d49625298fbfb8e7985d"" to: ""0x60294c5865b9b1f72fa9f7acc50675a0591e6533"" tokenSymbol: ""XDAI"" value: ""0.000594254303880069""","hash: ""0x8ce2f6202cc8fbd093bbaf6f37a37d0e6bd2192a5879fc47040b36abf65a72c2"" from: ""0x731111d4f903c913d4f1f83e0cd02067d3faa12f"" to: ""0x78022f272dcc0508b7d16883f8fa8c5702b62955"" tokenSymbol: ""XDAI"" value: ""89.0""","hash: ""0x915a3208aba1fe50111368b1d0c942e8bb67e56fe9c1658f478f3e5519f1423a"" from: ""0x77a14cfac4de8bfbb3a5c69a46742b12b583bffd"" to: ""0x8c3a50426a5b03ccce9591eb57457ec852420b0b"" tokenSymbol: ""XDAI"" value: ""280.0""","hash: ""0xafb8a5312f07d965b78d2fbc0c3aa836ed002890dedf7b36fdded72eb6c38e84"" from: ""0x6c965b656c450259a6d4d95a2e68fb4319eecbc0"" to: ""0x861fe68b2ed28f609c08f66a1c0bcc940b9bdc80"" tokenSymbol: ""XDAI"" value: ""1.8"""
"hash: ""0x4cf0a448a27846fa0e34cb802773f83991c97e8119b8ffe926a8da403c1a8336"" from: ""0x7e869dadf3632fbb5c8feaaa0672807d87c6bf13"" to: ""0x6a269815ac6f094b25be5de18fbb0b2b04823358"" tokenSymbol: ""XDAI"" value: ""25.55""","hash: ""0x9bda704d5cbfe28fb35e625fa9a28fe367af6e071498a5abf154a97422ae05a9"" from: ""0x82b601d2a2ae312ddc3a1c31ef86d5662a51af36"" to: ""0x6833c9040bcff71c3d7f8f3e84d3ae4f654f9b86"" tokenSymbol: ""XDAI"" value: ""0.00079""","hash: ""0xcb73fa8f63c173ae120496c6cb7eae0a648f75182dba0a41bef958ee456045f8"" from: ""0x87d515af98dee70b36992586fa71112c3a00e9bb"" to: ""0x6556a24a1a58d34e2433af814a5cbb3839b82b36"" tokenSymbol: ""XDAI"" value: ""0.001""","hash: ""0x776c84783c9dcee5b7d753595c1497195e5153b5654417a08d347cbf369f46a5"" from: ""0x98624dee43ccc03b74f48e256456cbfb52d5828f"" to: ""0x60294c5865b9b1f72fa9f7acc50675a0591e6533"" tokenSymbol: ""XDAI"" value: ""0.000240732693440653""","hash: ""0x0335bdbac019e7811fcd2d5559aa846fccecb7767105d93025f43df882b2f450"" from: ""0x731111d4f903c913d4f1f83e0cd02067d3faa12f"" to: ""0x593176a04b6a4e3188abfb3e892d55671a0f6b56"" tokenSymbol: ""XDAI"" value: ""96.0""","hash: ""0xb605b3fb2b8008cad1c82d9f117b93ec3d861f5bd868ea471f5a44c5494961c2"" from: ""0x77a14cfac4de8bfbb3a5c69a46742b12b583bffd"" to: ""0x8c3a50426a5b03ccce9591eb57457ec852420b0b"" tokenSymbol: ""XDAI"" value: ""158.0""","hash: ""0x0d29bbeabe3561f77a33bce64144ad737e0b49c4e60bee6c31d5ff08a64075a9"" from: ""0x861fe68b2ed28f609c08f66a1c0bcc940b9bdc80"" to: ""0x9ae494fbac34682c122a1d4e3d6ae1eb5404a469"" tokenSymbol: ""XDAI"" value: ""5.0"""
"hash: ""0x558d348dd36731c939b866c93be43400ba06c6153ebfc48deb28dc7e1b77a8aa"" from: ""0x7e869dadf3632fbb5c8feaaa0672807d87c6bf13"" to: ""0xa0fae158cd5a1cb3a36c474a2d2591c62571fc8a"" tokenSymbol: ""XDAI"" value: ""40.0""","hash: ""0x006761b98920ec0963f6064a70da768c0dfb3ef65b500561f1dc49f36844f266"" from: ""0x82b601d2a2ae312ddc3a1c31ef86d5662a51af36"" to: ""0x6833c9040bcff71c3d7f8f3e84d3ae4f654f9b86"" tokenSymbol: ""XDAI"" value: ""0.0002975""","hash: ""0xff15f2a222de6138332c53bfea055be9f90250ca8f22d195a59533dc86adc92c"" from: ""0x6556a24a1a58d34e2433af814a5cbb3839b82b36"" to: ""0x87d515af98dee70b36992586fa71112c3a00e9bb"" tokenSymbol: ""XDAI"" value: ""700.0138232554214""","hash: ""0xf8954cbb7164d89eb2dbfdb643e4465b83d647399b9614b2312c5638f7676b5c"" from: ""0x65fd2b9f460d0acd964c44e3b93a1d74354dafb3"" to: ""0xa2491cd74db23f5742b64b03718d6b891879a8f0"" tokenSymbol: ""XDAI"" value: ""203.64264511707282""","hash: ""0x275105771a19c49a29b1f3a64646c8a8059a42335e9f33c136b695bfaa9d3236"" from: ""0x731111d4f903c913d4f1f83e0cd02067d3faa12f"" to: ""0xa665a343a7dee34ccc6045aaf808a45d80e31d80"" tokenSymbol: ""XDAI"" value: ""98.0""","hash: ""0x874a62bd2ba4fe8e3b97eaf8c323efb01304b114e70158b6eff28ee1ff7e2dde"" from: ""0x77a14cfac4de8bfbb3a5c69a46742b12b583bffd"" to: ""0x8c3a50426a5b03ccce9591eb57457ec852420b0b"" tokenSymbol: ""XDAI"" value: ""243.0""","hash: ""0xbf69592c557c25d0640d206a2888a980d78c912d6f7e56da32c373a9d52709b6"" from: ""0x861fe68b2ed28f609c08f66a1c0bcc940b9bdc80"" to: ""0x6c965b656c450259a6d4d95a2e68fb4319eecbc0"" tokenSymbol: ""XDAI"" value: ""79.0"""
"hash: ""0xb20d2f809a4b51213c95d68cbab6d7e6a9a20820923742f5e5eee79588d97f15"" from: ""0x7e869dadf3632fbb5c8feaaa0672807d87c6bf13"" to: ""0xa398a2c62eeb4c7024ac2f36eb1cb4d870414362"" tokenSymbol: ""XDAI"" value: ""113.0""","hash: ""0xcf16f454e35fa9d1bb75cf6e825c4cd3875894747d97d5bc31251e65c7a20fc5"" from: ""0x7bd7287f00922e5f573d8575f8a23adabe8c7588"" to: ""0x6833c9040bcff71c3d7f8f3e84d3ae4f654f9b86"" tokenSymbol: ""XDAI"" value: ""0.08892943644805368""","hash: ""0x0fa54c45f898a220f9103a4c4b43860a8b5ca8edc7781b3af45b06389c4338fb"" from: ""0x87d515af98dee70b36992586fa71112c3a00e9bb"" to: ""0x7ba9e03c2415214586e6a465a3db9edf9f0e70e6"" tokenSymbol: ""XDAI"" value: ""0.01""","hash: ""0x13230f2c5545152c6f8d4c41f7ecda84e7b936665de37ca64d86ebcb536b7342"" from: ""0xa2491cd74db23f5742b64b03718d6b891879a8f0"" to: ""0x65fd2b9f460d0acd964c44e3b93a1d74354dafb3"" tokenSymbol: ""XDAI"" value: ""2.9104094643453777""","hash: ""0x0a15f11c4539a6412070be2a9ba3c8cf4d40eb68acd23b6b5e9740d7500a1ff4"" from: ""0x731111d4f903c913d4f1f83e0cd02067d3faa12f"" to: ""0x8c8578cb6ef972b978452b4f22b2677c97c18661"" tokenSymbol: ""XDAI"" value: ""75.0""","hash: ""0x14b06e767a8e242f7842ba7d1e70e35c1bc2dcf7bbed74cf5c02ec2999606fd0"" from: ""0x8c3a50426a5b03ccce9591eb57457ec852420b0b"" to: ""0x84d42f6a94c9601836942b9e95a8f634c77a91ec"" tokenSymbol: ""XDAI"" value: ""272.0""","hash: ""0xab8f64cb62168d24bf45f6593787d041835ad4d651a0ffc5abe743c7208a737f"" from: ""0x861fe68b2ed28f609c08f66a1c0bcc940b9bdc80"" to: ""0x9ae494fbac34682c122a1d4e3d6ae1eb5404a469"" tokenSymbol: ""XDAI"" value: ""7.45"""
"hash: ""0x749246800f3d1f7c818f628051b30eacfee34e0ef3f95da9d9004ea346d89a7f"" from: ""0x626c408da748df58d844aa811aa83501556c10d1"" to: ""0x88711825ef687d5cb9d86aba79b827a929f8060e"" tokenSymbol: ""XDAI"" value: ""200.0""","hash: ""0x09e63a86a79bc791df4767cab93adbb74d14f6aaf617b9083c6ef1ef9b39a96d"" from: ""0x67043a94725e91429577278f9af95326720ea051"" to: ""0x6833c9040bcff71c3d7f8f3e84d3ae4f654f9b86"" tokenSymbol: ""XDAI"" value: ""0.02228426398914941""","hash: ""0xf4d2b46b8d6a13cec7bae0947a6e089d096acd99077bd9a7f8478387314bcae2"" from: ""0x93157af806d22be843c049881629e3312ad134ef"" to: ""0x87d515af98dee70b36992586fa71112c3a00e9bb"" tokenSymbol: ""XDAI"" value: ""1300.0""","hash: ""0x461647fe832f1c96d457a3b715fec9861977df0f30244bb95d120455ea8adeca"" from: ""0x94a3c53d28012a571d0f36c9a97993c9bff49edf"" to: ""0x65a13a97249455a4f894a3275afd63b1137f6fc0"" tokenSymbol: ""XDAI"" value: ""2.9164458971249334""","hash: ""0x3e2bdddbf6e58494f79b1f40a8d4b6a7ade70f7682c4e4beec2e9fbc4c33f620"" from: ""0x731111d4f903c913d4f1f83e0cd02067d3faa12f"" to: ""0x65011e3ca5cd9e886a36d69ea52bab6ea126ebb4"" tokenSymbol: ""XDAI"" value: ""89.0""","hash: ""0x11c4b04e9ec8aa598d386fc955a3b3a31e401142ca255d7cc048af4d8329b8f6"" from: ""0x8c3a50426a5b03ccce9591eb57457ec852420b0b"" to: ""0x84d42f6a94c9601836942b9e95a8f634c77a91ec"" tokenSymbol: ""XDAI"" value: ""252.0""","hash: ""0xde3a7c2e60ae0d690f3c3ef13361bcc350df28d3691869aa3f49085946ba1950"" from: ""0x861fe68b2ed28f609c08f66a1c0bcc940b9bdc80"" to: ""0x6c965b656c450259a6d4d95a2e68fb4319eecbc0"" tokenSymbol: ""XDAI"" value: ""10.0"""
"hash: ""0xc1f86362d66e82f23826b8a16488a6c9ec6217cd6d200393e0ab94e77bba716d"" from: ""0x88711825ef687d5cb9d86aba79b827a929f8060e"" to: ""0x6a7f3292ddddca4e5cc9b7c82c801137fcac5490"" tokenSymbol: ""XDAI"" value: ""199.0""","hash: ""0x1d614787ea356b88eb06c03a0a9f18c8c43f1e48d6c6e66b5413f8df0245cb5d"" from: ""0x7a0ea4aeb66411f76d0d8298bc074e45ebdfe15d"" to: ""0x64efa51222cfa21215011029d4ebf39b59f0bb70"" tokenSymbol: ""XDAI"" value: ""0.1""","hash: ""0xd95975052fa34f00d6ae528842cdce26f9d5109092cd2db8535d4a852e8b9174"" from: ""0x5ef8037cb456061d3dfd2ec386134a51066b6f07"" to: ""0x63ba306d91d5ab9d45c66dc9ad70b8cb81f6c278"" tokenSymbol: ""XDAI"" value: ""700.0149878904214""",,"hash: ""0xd7fbaebff4da227a0f5d25ff20f8e3e1abe4bfdb658fd66f707d293ecc0fb243"" from: ""0x731111d4f903c913d4f1f83e0cd02067d3faa12f"" to: ""0xa79efc23ada48bc2e57bf396e5ed5db9d37e6fb0"" tokenSymbol: ""XDAI"" value: ""75.0""","hash: ""0x6738bd0fda0fa33d3a9b2721ac4c6e0e5145eab7c893783b05b4d5f7224ec6fa"" from: ""0x8c3a50426a5b03ccce9591eb57457ec852420b0b"" to: ""0x84d42f6a94c9601836942b9e95a8f634c77a91ec"" tokenSymbol: ""XDAI"" value: ""155.0""","hash: ""0x25cdc56f8bb439c4bbd74ccdf3ac15cd0e273652d3ca03a3b6de4cf938ec5d67"" from: ""0x861fe68b2ed28f609c08f66a1c0bcc940b9bdc80"" to: ""0x6c965b656c450259a6d4d95a2e68fb4319eecbc0"" tokenSymbol: ""XDAI"" value: ""32.20642138926639"""
"hash: ""0x2b6a72309505654326b847a82af1accfacbf942308144215c5d5fbcd74818e40"" from: ""0x6da0c6a8889089c9e466be8699992f19f0e18e3d"" to: ""0x88711825ef687d5cb9d86aba79b827a929f8060e"" tokenSymbol: ""XDAI"" value: ""64.999979""","hash: ""0xcad68d2acd53d6647d131a9c8277e4525b88517780581d2f00bacfd7df33b0a1"" from: ""0x7a0ea4aeb66411f76d0d8298bc074e45ebdfe15d"" to: ""0x7dff93fce783b91f347ce7ba7181ca4a02ea9de0"" tokenSymbol: ""XDAI"" value: ""0.01""","hash: ""0x075d3cfcb2b6f98d66b88aa8ae1485ad549096047f6269ea3f99a5942b3a3c2a"" from: ""0x63ba306d91d5ab9d45c66dc9ad70b8cb81f6c278"" to: ""0x6556a24a1a58d34e2433af814a5cbb3839b82b36"" tokenSymbol: ""XDAI"" value: ""700.0141348464214""",,"hash: ""0xe04741d2d5972c147dd09ec4c9018b175db85ca77174f1df1023c7b25caffc22"" from: ""0x731111d4f903c913d4f1f83e0cd02067d3faa12f"" to: ""0x8c8578cb6ef972b978452b4f22b2677c97c18661"" tokenSymbol: ""XDAI"" value: ""77.0""","hash: ""0x7a46615ba168cccd3e4eb69423b5b8d0446e91139ef65af4a3cfb248c4f88250"" from: ""0x8c3a50426a5b03ccce9591eb57457ec852420b0b"" to: ""0x8a7dc9a0c5779a695edddae4c6d18183fafd6b8d"" tokenSymbol: ""XDAI"" value: ""7.691302002148831""","hash: ""0x0129e63cf4d35d17f9b24d94459687cfe2a2af66c777b699ef69f19e6a22f3c7"" from: ""0x6c965b656c450259a6d4d95a2e68fb4319eecbc0"" to: ""0x861fe68b2ed28f609c08f66a1c0bcc940b9bdc80"" tokenSymbol: ""XDAI"" value: ""0.2"""
"hash: ""0x1de0d7647abf5755fe4d581c618482a3b1c11336c6c2681abeacfb7ee6292bfa"" from: ""0x626c408da748df58d844aa811aa83501556c10d1"" to: ""0x88711825ef687d5cb9d86aba79b827a929f8060e"" tokenSymbol: ""XDAI"" value: ""105.0""","hash: ""0x9f0c209c085d4b6c06cd8f06eb0a1483752eed18dcc2c7322bbdab081957bb5e"" from: ""0xa02306eb1de5e47e763d2065d53d55e386d0239c"" to: ""0x6833c9040bcff71c3d7f8f3e84d3ae4f654f9b86"" tokenSymbol: ""XDAI"" value: ""0.067000000000012""","hash: ""0xa2426734f66b8349e5c0f3f9212063d6be4311251cd2201925ade1f4ba865c40"" from: ""0x93157af806d22be843c049881629e3312ad134ef"" to: ""0x63ba306d91d5ab9d45c66dc9ad70b8cb81f6c278"" tokenSymbol: ""XDAI"" value: ""1.0""",,"hash: ""0xfd246c58daa6ef465672e3b665c219a9021a59f5182c99a6a732633dd5a29094"" from: ""0x8c8578cb6ef972b978452b4f22b2677c97c18661"" to: ""0xa79efc23ada48bc2e57bf396e5ed5db9d37e6fb0"" tokenSymbol: ""XDAI"" value: ""10.0""","hash: ""0xbcf1c529bfe3bc6cb497027ceff6bd869637fc12fbebaf38360844f5bafe3a12"" from: ""0x84d42f6a94c9601836942b9e95a8f634c77a91ec"" to: ""0x8a7dc9a0c5779a695edddae4c6d18183fafd6b8d"" tokenSymbol: ""XDAI"" value: ""6.077867173666657""","hash: ""0x5d6f7fc431d53af970bad27e4cc24dcc677e50d87ad51565adb8a130517ff188"" from: ""0x861fe68b2ed28f609c08f66a1c0bcc940b9bdc80"" to: ""0x9ae494fbac34682c122a1d4e3d6ae1eb5404a469"" tokenSymbol: ""XDAI"" value: ""11.0"""
"hash: ""0x2335b761cd471d26f1032de1d66dbc47dc48d7a3f7880d13a12402431bede312"" from: ""0x88711825ef687d5cb9d86aba79b827a929f8060e"" to: ""0x6a7f3292ddddca4e5cc9b7c82c801137fcac5490"" tokenSymbol: ""XDAI"" value: ""80.0""","hash: ""0x49dffb45a6e7a18f4c23a928f4e6fd84ae259294a2450aeff66cfc909dd3381e"" from: ""0x77c3db040f79ae46a91529a667c03ab484b37116"" to: ""0x584abc5b9434ec986529f77dba9ab7f58b415c8c"" tokenSymbol: ""XDAI"" value: ""1.4""","hash: ""0xf9a8908576da560f682890c781ad3dfae78fc457dae8707ae920952f89c2ce97"" from: ""0x63ba306d91d5ab9d45c66dc9ad70b8cb81f6c278"" to: ""0x6556a24a1a58d34e2433af814a5cbb3839b82b36"" tokenSymbol: ""XDAI"" value: ""499.0""",,"hash: ""0x51d9e3773945e98e098fc2024902a40632a9d118452be585e425dc39ccfc98e4"" from: ""0x65011e3ca5cd9e886a36d69ea52bab6ea126ebb4"" to: ""0xa79efc23ada48bc2e57bf396e5ed5db9d37e6fb0"" tokenSymbol: ""XDAI"" value: ""855.0""","hash: ""0x9a7b2b32248c482896ef10a8ecbc91f14d428619aa599fb26cc468bcbc9c4a3b"" from: ""0x889a14e6a2a9059444d7e0bf6faa607139196e0a"" to: ""0x8a7dc9a0c5779a695edddae4c6d18183fafd6b8d"" tokenSymbol: ""XDAI"" value: ""3.0""","hash: ""0x8fd360e18d00d3cf35db562ecb365dad61e19f55bc4a87d8a251375a24c8e1d3"" from: ""0x861fe68b2ed28f609c08f66a1c0bcc940b9bdc80"" to: ""0x6c965b656c450259a6d4d95a2e68fb4319eecbc0"" tokenSymbol: ""XDAI"" value: ""8.0"""
"hash: ""0xa246f7cc81441d1fcbd6b2da402fc40657f179949a1bdba6f2fac63a182207c9"" from: ""0x88711825ef687d5cb9d86aba79b827a929f8060e"" to: ""0x626c408da748df58d844aa811aa83501556c10d1"" tokenSymbol: ""XDAI"" value: ""101.0""","hash: ""0x83c47f08c05f5c5e53efe2f0601c9ad2ae706d4e81048bac88967e0aa739b020"" from: ""0x584abc5b9434ec986529f77dba9ab7f58b415c8c"" to: ""0x77c3db040f79ae46a91529a667c03ab484b37116"" tokenSymbol: ""XDAI"" value: ""57.0""","hash: ""0x85880d3dbcbd80061601092a7cf7aced1c732c4598fea75f863f540c270f7cd3"" from: ""0x93157af806d22be843c049881629e3312ad134ef"" to: ""0x6556a24a1a58d34e2433af814a5cbb3839b82b36"" tokenSymbol: ""XDAI"" value: ""1.0""",,"hash: ""0x938573a223c6fcd51ca0067e1f52ba79604d0581b78792944cc093f18ab43029"" from: ""0x65011e3ca5cd9e886a36d69ea52bab6ea126ebb4"" to: ""0xa79efc23ada48bc2e57bf396e5ed5db9d37e6fb0"" tokenSymbol: ""XDAI"" value: ""819.0""","hash: ""0x0ecbef0cea7555f4ad19b37e1b8529d99ccde27b4c108aaf091bde594641f15c"" from: ""0x77a14cfac4de8bfbb3a5c69a46742b12b583bffd"" to: ""0x8a7dc9a0c5779a695edddae4c6d18183fafd6b8d"" tokenSymbol: ""XDAI"" value: ""7.443860889182822""","hash: ""0x7c7810f3d03354c0c17b3c42e682213f258720b84b69d4cf6119a4747921a7bd"" from: ""0x861fe68b2ed28f609c08f66a1c0bcc940b9bdc80"" to: ""0x6c965b656c450259a6d4d95a2e68fb4319eecbc0"" tokenSymbol: ""XDAI"" value: ""13.25"""
"hash: ""0x682c9ea39db49659191952cc0785fc5da78a4659a57e4601bfaabec3002616ba"" from: ""0x921ec2c2b5a67066c8870c02c55c55ef6b1f7fde"" to: ""0xa0fae158cd5a1cb3a36c474a2d2591c62571fc8a"" tokenSymbol: ""XDAI"" value: ""204.0""","hash: ""0x70a62686a0c03d1ca0ec73d3590344a8fff5c255f895575d99d1d5db55684ff2"" from: ""0x77c3db040f79ae46a91529a667c03ab484b37116"" to: ""0x5d80de5c12858233d2e9a955c6604b6ce327dc32"" tokenSymbol: ""XDAI"" value: ""1.5""","hash: ""0x40565c70ab4299d411f7b0ca2d5b807189e07764e0d834866d18ae0bd4ab7360"" from: ""0x6556a24a1a58d34e2433af814a5cbb3839b82b36"" to: ""0x8dcd1f079f0e4404ed2c07d75717c8cd475de332"" tokenSymbol: ""XDAI"" value: ""566.0""",,"hash: ""0xb56fe67e988e18132ca596166d5942cfc4899352f3609e6836ddb76a8b7dc075"" from: ""0xa79efc23ada48bc2e57bf396e5ed5db9d37e6fb0"" to: ""0xa665a343a7dee34ccc6045aaf808a45d80e31d80"" tokenSymbol: ""XDAI"" value: ""820.0""","hash: ""0x37662529c60447b5698dc9808aa55153114dc832cabf2c0db697f690fc9e2796"" from: ""0x889a14e6a2a9059444d7e0bf6faa607139196e0a"" to: ""0x8a7dc9a0c5779a695edddae4c6d18183fafd6b8d"" tokenSymbol: ""XDAI"" value: ""6.504519761686704""","hash: ""0x79dbf2b8a3d4155b67bdbe3c6e73296892156941e545396269061a683c0d8b53"" from: ""0x861fe68b2ed28f609c08f66a1c0bcc940b9bdc80"" to: ""0x6c965b656c450259a6d4d95a2e68fb4319eecbc0"" tokenSymbol: ""XDAI"" value: ""13.0"""
"hash: ""0x78fb19e7fdcdf0e27942959821a9c91eb3f3fdc3cbcac8962a690303de76a161"" from: ""0xa0fae158cd5a1cb3a36c474a2d2591c62571fc8a"" to: ""0x6da0c6a8889089c9e466be8699992f19f0e18e3d"" tokenSymbol: ""XDAI"" value: ""19.86301067317""","hash: ""0x74def85e69a5418fff92b1e2f3f38514adb1f36bfe47d0870e286e82e67c5859"" from: ""0x558da052f27ea5fcf15b17d6a0c2b0d227e0ed49"" to: ""0x6833c9040bcff71c3d7f8f3e84d3ae4f654f9b86"" tokenSymbol: ""XDAI"" value: ""1.392679905999853""","hash: ""0x0509a35c44c818a6f85bbe0a4ce22d34486ceee3087561a09cbca3036f32149a"" from: ""0x6556a24a1a58d34e2433af814a5cbb3839b82b36"" to: ""0x93157af806d22be843c049881629e3312ad134ef"" tokenSymbol: ""XDAI"" value: ""393.0""",,"hash: ""0xf3a1a2a6c842bac4424d247fec3c45eafb7bd3c1d5e75faa5f223a51cd2f392e"" from: ""0x8c8578cb6ef972b978452b4f22b2677c97c18661"" to: ""0xa79efc23ada48bc2e57bf396e5ed5db9d37e6fb0"" tokenSymbol: ""XDAI"" value: ""18.0""","hash: ""0x29500656d97a03dd3b1ab4300eec2e08c017acc436d9ebe4e1c22a28f10a947e"" from: ""0x57f502ebe3d7305c28e1d1f1247310affa3d5526"" to: ""0x8a7dc9a0c5779a695edddae4c6d18183fafd6b8d"" tokenSymbol: ""XDAI"" value: ""7.748887056353318""","hash: ""0x7fb23ef15559ddca762136406c026680603d09814fa53884f0ec6e2c2f850de9"" from: ""0x861fe68b2ed28f609c08f66a1c0bcc940b9bdc80"" to: ""0x6c965b656c450259a6d4d95a2e68fb4319eecbc0"" tokenSymbol: ""XDAI"" value: ""9.6"""
"hash: ""0x7f8685158c2de80bc00a48721d78d3db4a3f51c7d25e9fac8845a710d0810889"" from: ""0x6da0c6a8889089c9e466be8699992f19f0e18e3d"" to: ""0xa0fae158cd5a1cb3a36c474a2d2591c62571fc8a"" tokenSymbol: ""XDAI"" value: ""1.0""","hash: ""0x6a9b57886657c2a8ebfebb77e1502da78f9846fec65d32c3f76d870421c9ebc0"" from: ""0x64efa51222cfa21215011029d4ebf39b59f0bb70"" to: ""0x6833c9040bcff71c3d7f8f3e84d3ae4f654f9b86"" tokenSymbol: ""XDAI"" value: ""0.0031698076""","hash: ""0xd7a0efadcb2de1f9dc4c8fffe72a61053f1e275cc8e947269d61e13b4d98df7f"" from: ""0x93157af806d22be843c049881629e3312ad134ef"" to: ""0xa2cf5a857aad88adc71ccd2864aa9f83977427f6"" tokenSymbol: ""XDAI"" value: ""663.4""",,"hash: ""0x8117f90180a08efbae8e85701fd22c6e98addde5c82aa5c540e5153864f4b698"" from: ""0xa79efc23ada48bc2e57bf396e5ed5db9d37e6fb0"" to: ""0x8c8578cb6ef972b978452b4f22b2677c97c18661"" tokenSymbol: ""XDAI"" value: ""96.0""","hash: ""0xe90a3e64d26c07cb2c4cf4a4f574c4d59acf6f1501541bee0a02ae2cbeb0cad1"" from: ""0x593d2ecdd191541a4cabaabd79e440e880c4b7d3"" to: ""0x8a7dc9a0c5779a695edddae4c6d18183fafd6b8d"" tokenSymbol: ""XDAI"" value: ""8.53090684554137""","hash: ""0x4b94e14f1219797f5b90f86459f6648f2516ca4ed1d2d7bc9ee11c82cd74e07d"" from: ""0x861fe68b2ed28f609c08f66a1c0bcc940b9bdc80"" to: ""0x6c965b656c450259a6d4d95a2e68fb4319eecbc0"" tokenSymbol: ""XDAI"" value: ""6.9"""
"hash: ""0xbb79bdef41e7afde21e272bca0dcb977ca23d7eae894fcefef23d4c41667bb27"" from: ""0xa0fae158cd5a1cb3a36c474a2d2591c62571fc8a"" to: ""0x6da0c6a8889089c9e466be8699992f19f0e18e3d"" tokenSymbol: ""XDAI"" value: ""18.061989256""",,"hash: ""0xecc527b33a554529d96169b748fca9b6422b132b5eadc1f6d758f404ebbd6b67"" from: ""0x93157af806d22be843c049881629e3312ad134ef"" to: ""0x8dcd1f079f0e4404ed2c07d75717c8cd475de332"" tokenSymbol: ""XDAI"" value: ""0.01""",,"hash: ""0x381192661010254eb441db28f79f9d09e88d80a2c84b3b58636331e06cfffa89"" from: ""0xa665a343a7dee34ccc6045aaf808a45d80e31d80"" to: ""0x585a1da0d9884ff82eb538bef15ba7dbba9e8382"" tokenSymbol: ""XDAI"" value: ""971.0""","hash: ""0xe91ba1064218e0fc8afffbaed9535c8455ca239562dfdea4762d921b3e9b67c9"" from: ""0x6235f52bf8f264e2356e10d74b74bbf31e660b1f"" to: ""0x8a7dc9a0c5779a695edddae4c6d18183fafd6b8d"" tokenSymbol: ""XDAI"" value: ""10.769907352351728""","hash: ""0x7091b904b9516ee538b4db4a5ce50863f0e2573d6e2c3e5fa4cb291e654017c6"" from: ""0x861fe68b2ed28f609c08f66a1c0bcc940b9bdc80"" to: ""0x6c965b656c450259a6d4d95a2e68fb4319eecbc0"" tokenSymbol: ""XDAI"" value: ""4.0"""
"hash: ""0x6e745044b772c709645d428a2f26de8b63b39f7343b68e75d868a91006132be1"" from: ""0x7476c125d83ded2777bdf437eb1c133368c01330"" to: ""0x6a269815ac6f094b25be5de18fbb0b2b04823358"" tokenSymbol: ""XDAI"" value: ""214.0""",,"hash: ""0x302fb66cf6f9c49d86f69b26dcce93df35a0bcf9225dae144b44a54c8bc1e0b9"" from: ""0x8dcd1f079f0e4404ed2c07d75717c8cd475de332"" to: ""0x93157af806d22be843c049881629e3312ad134ef"" tokenSymbol: ""XDAI"" value: ""0.9""",,"hash: ""0x76ec295f09465b8bb602ae4f73c21a2c4e7da165b2c1d531d5518b696cbeab98"" from: ""0x78022f272dcc0508b7d16883f8fa8c5702b62955"" to: ""0x585a1da0d9884ff82eb538bef15ba7dbba9e8382"" tokenSymbol: ""XDAI"" value: ""795.0""","hash: ""0x4d6c17d162d5223141b51a4bfbce7566e1e894f91db91d2af30b5cc1219ac624"" from: ""0x56369b633cd6d0a2046b435cfaad0107d286a5d8"" to: ""0x8a7dc9a0c5779a695edddae4c6d18183fafd6b8d"" tokenSymbol: ""XDAI"" value: ""10.66050700146292""","hash: ""0x977946023a37236b57c771c8338e92ee147b6dc6ff14ad8ea77d90deb2650733"" from: ""0x861fe68b2ed28f609c08f66a1c0bcc940b9bdc80"" to: ""0x6c965b656c450259a6d4d95a2e68fb4319eecbc0"" tokenSymbol: ""XDAI"" value: ""4.4"""
"hash: ""0xac7895d6e927775207d3d8f7bf58fce19595b68895897bf306fd5e1a1b66f8f5"" from: ""0x6da0c6a8889089c9e466be8699992f19f0e18e3d"" to: ""0x7476c125d83ded2777bdf437eb1c133368c01330"" tokenSymbol: ""XDAI"" value: ""111.0""",,,,"hash: ""0xa6c4d3b0150a254dc725e291cb3483142240e60989d53f33970dd40bbe133c84"" from: ""0x585a1da0d9884ff82eb538bef15ba7dbba9e8382"" to: ""0x8c8578cb6ef972b978452b4f22b2677c97c18661"" tokenSymbol: ""XDAI"" value: ""74.0""","hash: ""0xc8106cb095aa48acbf62ab1a43da55a455e1f8afc25783724bbb56e6a8164bef"" from: ""0x8acd64e04716eace688152490902cc3f65895346"" to: ""0x8a7dc9a0c5779a695edddae4c6d18183fafd6b8d"" tokenSymbol: ""XDAI"" value: ""10.806721108426048""","hash: ""0x2d42b28704ec99185006435908c8bd012759f6397839e3c54e2d3e7b64d43dbd"" from: ""0x861fe68b2ed28f609c08f66a1c0bcc940b9bdc80"" to: ""0x9ae494fbac34682c122a1d4e3d6ae1eb5404a469"" tokenSymbol: ""XDAI"" value: ""41.22"""
"hash: ""0xa0b959be1d2afd136c0ce96e01a98ce6c6df44e692c6eb4e362b63820f0d34d0"" from: ""0x7476c125d83ded2777bdf437eb1c133368c01330"" to: ""0x6da0c6a8889089c9e466be8699992f19f0e18e3d"" tokenSymbol: ""XDAI"" value: ""93.0""",,,,"hash: ""0xfea19f2db8040997620ed3aa9df463fec3e144514627553fdf6e153a2a67ce1d"" from: ""0x78022f272dcc0508b7d16883f8fa8c5702b62955"" to: ""0x8c8578cb6ef972b978452b4f22b2677c97c18661"" tokenSymbol: ""XDAI"" value: ""80.0""","hash: ""0xc92426adb40a34296545687731702989c749974927b3313f15c6c4821d1a4672"" from: ""0x57f502ebe3d7305c28e1d1f1247310affa3d5526"" to: ""0x889a14e6a2a9059444d7e0bf6faa607139196e0a"" tokenSymbol: ""XDAI"" value: ""69.0""","hash: ""0x912c951e798e71c3ae744d4f622b0ab90ee962e4bb799d9da945b4abf9cc3beb"" from: ""0x6c965b656c450259a6d4d95a2e68fb4319eecbc0"" to: ""0x861fe68b2ed28f609c08f66a1c0bcc940b9bdc80"" tokenSymbol: ""XDAI"" value: ""3.0"""
"hash: ""0xed1a3dc2d218749c6d000005769cdcb40bba6a23b44ba126997bf56db1f99408"" from: ""0x921ec2c2b5a67066c8870c02c55c55ef6b1f7fde"" to: ""0x7476c125d83ded2777bdf437eb1c133368c01330"" tokenSymbol: ""XDAI"" value: ""250.0""",,,,"hash: ""0x30fc3490d9b63a808fb703598c90a288f47a37f040cb2c25acc998127395c2b6"" from: ""0x774c6e8930ac08a1b00480135e0301e7967a1e22"" to: ""0x8ae1bd8a98eb772363157682f5238209276458be"" tokenSymbol: ""XDAI"" value: ""11.0""","hash: ""0x177d3d90e5478a1f2428e5d99c3e174e660d931e4a4817b71acfca3944e0866b"" from: ""0x57f502ebe3d7305c28e1d1f1247310affa3d5526"" to: ""0x889a14e6a2a9059444d7e0bf6faa607139196e0a"" tokenSymbol: ""XDAI"" value: ""272.0""","hash: ""0x33e35a97f691dd162513f5c59bc7bfc3ceb1e18c642e9a64b001c950aac4702c"" from: ""0x861fe68b2ed28f609c08f66a1c0bcc940b9bdc80"" to: ""0x6c965b656c450259a6d4d95a2e68fb4319eecbc0"" tokenSymbol: ""XDAI"" value: ""21.0"""
"hash: ""0x847a4c20b3f0ddbc9f60674865c5cfc3e3bef40df0cd3467bbca708e0036f4a9"" from: ""0x6a269815ac6f094b25be5de18fbb0b2b04823358"" to: ""0x6da0c6a8889089c9e466be8699992f19f0e18e3d"" tokenSymbol: ""XDAI"" value: ""5.0""",,,,"hash: ""0xf495ec28f7ab268890b6dec868dfafd131327d9f2fa133170ce2f87085942bbf"" from: ""0x774c6e8930ac08a1b00480135e0301e7967a1e22"" to: ""0x65011e3ca5cd9e886a36d69ea52bab6ea126ebb4"" tokenSymbol: ""XDAI"" value: ""13.0""","hash: ""0x659a8903a55c991f886d77e59b49f92acadbf412de5f75399181a892f8a742d7"" from: ""0x57f502ebe3d7305c28e1d1f1247310affa3d5526"" to: ""0x889a14e6a2a9059444d7e0bf6faa607139196e0a"" tokenSymbol: ""XDAI"" value: ""251.0""","hash: ""0xad46ab483c14256eb7fc2466027da64b176c6df19bcfb0f0070f0f5e7e92601b"" from: ""0x861fe68b2ed28f609c08f66a1c0bcc940b9bdc80"" to: ""0x6c965b656c450259a6d4d95a2e68fb4319eecbc0"" tokenSymbol: ""XDAI"" value: ""15.146932914690055"""
"hash: ""0xfd53c9b9c04d82b2fec06a0fe3df8030e5625dd579dac55ef7bd64d1b0000338"" from: ""0x6a269815ac6f094b25be5de18fbb0b2b04823358"" to: ""0x6da0c6a8889089c9e466be8699992f19f0e18e3d"" tokenSymbol: ""XDAI"" value: ""5.0""",,,,"hash: ""0xcc5042cd09f6125772da67e34efe93695773b483468d780528e45d6a83869644"" from: ""0x774c6e8930ac08a1b00480135e0301e7967a1e22"" to: ""0x8ae1bd8a98eb772363157682f5238209276458be"" tokenSymbol: ""XDAI"" value: ""882.5""","hash: ""0x1482dd885ad3a1611b0f275a7001c0b24936be56a0fd1299ed84858e91c3a5a3"" from: ""0x57f502ebe3d7305c28e1d1f1247310affa3d5526"" to: ""0x889a14e6a2a9059444d7e0bf6faa607139196e0a"" tokenSymbol: ""XDAI"" value: ""162.0""","hash: ""0x342fe04dd99cdafdba8c1eb8ada99afd175249225ebffc8b987fc4bb9aa62e51"" from: ""0x6d26f4a4eb3b4c6cdb48837f0cd67298cdbe6e5f"" to: ""0x5ce561e048d2cd64523d6316228f97bd2537f92f"" tokenSymbol: ""XDAI"" value: ""150.0"""
"hash: ""0x59391cab176954afe1a24c916ab971a3cba702c0b9e3ac702fffeac49133c955"" from: ""0x6a269815ac6f094b25be5de18fbb0b2b04823358"" to: ""0x6da0c6a8889089c9e466be8699992f19f0e18e3d"" tokenSymbol: ""XDAI"" value: ""51.94215718946349""",,,,"hash: ""0xf3fb22f9a6a4ff2f7e69dcea644d097a76cf75f238eae3869d62b9919b4c4246"" from: ""0x774c6e8930ac08a1b00480135e0301e7967a1e22"" to: ""0x8ae1bd8a98eb772363157682f5238209276458be"" tokenSymbol: ""XDAI"" value: ""820.0""",,"hash: ""0xc0f43fcd04321b72dfda95e3bb4263e4e168906bc463e84c0cd624ce99642e9d"" from: ""0x6c965b656c450259a6d4d95a2e68fb4319eecbc0"" to: ""0x9ae494fbac34682c122a1d4e3d6ae1eb5404a469"" tokenSymbol: ""XDAI"" value: ""80.0"""
"hash: ""0x8f53dfdf576d220d8075711be6f9f5ee5318709c15c64c146ade851c99ffd829"" from: ""0x6da0c6a8889089c9e466be8699992f19f0e18e3d"" to: ""0x6a269815ac6f094b25be5de18fbb0b2b04823358"" tokenSymbol: ""XDAI"" value: ""111.0""",,,,"hash: ""0x011ff7ce6cf15b4ccf6621b9a1e292deca7d4095a683dd755d8699a188292b52"" from: ""0x8c8578cb6ef972b978452b4f22b2677c97c18661"" to: ""0x774c6e8930ac08a1b00480135e0301e7967a1e22"" tokenSymbol: ""XDAI"" value: ""20.0""",,"hash: ""0xd6e0b2ec766fad7bb0fd94610b6a1804e4dde3d954d867a8979cee062206d5c6"" from: ""0x6c965b656c450259a6d4d95a2e68fb4319eecbc0"" to: ""0x9ae494fbac34682c122a1d4e3d6ae1eb5404a469"" tokenSymbol: ""XDAI"" value: ""10.0"""
"hash: ""0xfde3458f9f6c6e07d6143e69e9e9e7f7d88d2502f7a0dd3de84c6c94c2d9e6e4"" from: ""0x6a269815ac6f094b25be5de18fbb0b2b04823358"" to: ""0x5b441f7ccf29ef51494008cbab224ffd45e153b2"" tokenSymbol: ""XDAI"" value: ""5.0""",,,,"hash: ""0x888653ef6c30befa04e936b5be47e050f9aa342c8c693c4d3cf1f2c9cf4ec5b1"" from: ""0x774c6e8930ac08a1b00480135e0301e7967a1e22"" to: ""0x8c8578cb6ef972b978452b4f22b2677c97c18661"" tokenSymbol: ""XDAI"" value: ""1.0""",,"hash: ""0xd13966dc3425950ccadc679514c36d7e4d8bfcbcf3d8f988aa78daa1e58c6b7b"" from: ""0x6c965b656c450259a6d4d95a2e68fb4319eecbc0"" to: ""0x9ae494fbac34682c122a1d4e3d6ae1eb5404a469"" tokenSymbol: ""XDAI"" value: ""6.0"""
"hash: ""0xfbe05d0db974bb2e79379de05ea37f5631cfe578f9c8ab7ed9c199a69410d09c"" from: ""0x6a269815ac6f094b25be5de18fbb0b2b04823358"" to: ""0x626c408da748df58d844aa811aa83501556c10d1"" tokenSymbol: ""XDAI"" value: ""106.0""",,,,"hash: ""0x95c9d87125851421e96385489dd46eb85d09ce6d3daa35d8903b12016caa91ec"" from: ""0x65011e3ca5cd9e886a36d69ea52bab6ea126ebb4"" to: ""0x8ae1bd8a98eb772363157682f5238209276458be"" tokenSymbol: ""XDAI"" value: ""10.0""",,"hash: ""0x277ef332b378eea44ed84b22071d315e3ea180008a9a960211ee14f583510790"" from: ""0x6c965b656c450259a6d4d95a2e68fb4319eecbc0"" to: ""0x9ae494fbac34682c122a1d4e3d6ae1eb5404a469"" tokenSymbol: ""XDAI"" value: ""2.0"""
"hash: ""0x1f8bb205303dd0d1e092f52bce695d5f24fc33df726b940c4874d90343427669"" from: ""0x6da0c6a8889089c9e466be8699992f19f0e18e3d"" to: ""0x5b441f7ccf29ef51494008cbab224ffd45e153b2"" tokenSymbol: ""XDAI"" value: ""587.3770556209164""",,,,"hash: ""0xd6161114de7da186e2c2a71e24197b3983a7cbae5bfa163474075a0cba7683a6"" from: ""0x8c8578cb6ef972b978452b4f22b2677c97c18661"" to: ""0x8ae1bd8a98eb772363157682f5238209276458be"" tokenSymbol: ""XDAI"" value: ""20.0""",,"hash: ""0x7c74c803a433ea9cb676f4a77421cda99edf4e5b3237a498ea6a2377d798a6c5"" from: ""0x6c965b656c450259a6d4d95a2e68fb4319eecbc0"" to: ""0x9ae494fbac34682c122a1d4e3d6ae1eb5404a469"" tokenSymbol: ""XDAI"" value: ""2.2"""
"hash: ""0xb6200240d21ff99e0fdab7070a42f021353ba9992707a3ebde0ab288e715571e"" from: ""0x5b441f7ccf29ef51494008cbab224ffd45e153b2"" to: ""0x6da0c6a8889089c9e466be8699992f19f0e18e3d"" tokenSymbol: ""XDAI"" value: ""5.0""",,,,"hash: ""0x9f124fd436e9c03993fda425fdf6685743dfa21d40cebbcb0415d54cc458ca22"" from: ""0x8ae1bd8a98eb772363157682f5238209276458be"" to: ""0x8c8578cb6ef972b978452b4f22b2677c97c18661"" tokenSymbol: ""XDAI"" value: ""9.0""",,"hash: ""0xb213c58d987ab6c92348b143fd14aef9f539d58ed8320143d5cfd02e1f3a77a4"" from: ""0x6c965b656c450259a6d4d95a2e68fb4319eecbc0"" to: ""0x9ae494fbac34682c122a1d4e3d6ae1eb5404a469"" tokenSymbol: ""XDAI"" value: ""7.4"""
"hash: ""0xa28ca13a3e5dd5a363c1f78e22b120b332ba4f4f69027a8062f31650092f8a67"" from: ""0x6da0c6a8889089c9e466be8699992f19f0e18e3d"" to: ""0x5b441f7ccf29ef51494008cbab224ffd45e153b2"" tokenSymbol: ""XDAI"" value: ""2.0""",,,,"hash: ""0x3707df49ac1ab745f043741e97ed765db644cdbf43954a9352711b176c525cbf"" from: ""0x65011e3ca5cd9e886a36d69ea52bab6ea126ebb4"" to: ""0x8c8578cb6ef972b978452b4f22b2677c97c18661"" tokenSymbol: ""XDAI"" value: ""51.0""",,"hash: ""0xd727a1897c888393bdd8644f3ee0b2e94acc891c16c50bc0a970340e1a3defe3"" from: ""0x6c965b656c450259a6d4d95a2e68fb4319eecbc0"" to: ""0x9ae494fbac34682c122a1d4e3d6ae1eb5404a469"" tokenSymbol: ""XDAI"" value: ""6.0"""
"hash: ""0xcdd19bc8e32076ca8b180afae855663cdff09149c9bb69cd1a05d24452acc28d"" from: ""0x5b441f7ccf29ef51494008cbab224ffd45e153b2"" to: ""0x6da0c6a8889089c9e466be8699992f19f0e18e3d"" tokenSymbol: ""XDAI"" value: ""18.689979""",,,,"hash: ""0xc220d76407b2f0a2816fc5803e7e1326232a9eb68ff7c7cedb8ce18ce298581a"" from: ""0x83cf5503402768415856fc629bd4f213e7effb43"" to: ""0x81c4a9a4f4ca1b0fe87c9ecc3fc855c64d781695"" tokenSymbol: ""XDAI"" value: ""919.5""",,"hash: ""0x7aa101d9ecbe08d9d852b83dc34bb2552d8f87b7895769e66380de7251c2b97c"" from: ""0x6c965b656c450259a6d4d95a2e68fb4319eecbc0"" to: ""0x9ae494fbac34682c122a1d4e3d6ae1eb5404a469"" tokenSymbol: ""XDAI"" value: ""6.0"""
"hash: ""0x16ecf43a4e104655c0a7b0656023e19448e771f1d5f6dbfdd76150689befef60"" from: ""0x5b441f7ccf29ef51494008cbab224ffd45e153b2"" to: ""0x921ec2c2b5a67066c8870c02c55c55ef6b1f7fde"" tokenSymbol: ""XDAI"" value: ""3.0""",,,,"hash: ""0xe8361a213b1acaf5ed1fd586189e9ca4365cec276234174d5a08fa543bb37e67"" from: ""0x83cf5503402768415856fc629bd4f213e7effb43"" to: ""0x81c4a9a4f4ca1b0fe87c9ecc3fc855c64d781695"" tokenSymbol: ""XDAI"" value: ""779.6""",,"hash: ""0xde4f318bf4628ed95cdef08a7b09d25ed8a6ea54a3f9665f1141b3d67c32680d"" from: ""0x6c965b656c450259a6d4d95a2e68fb4319eecbc0"" to: ""0x9ae494fbac34682c122a1d4e3d6ae1eb5404a469"" tokenSymbol: ""XDAI"" value: ""10.0"""
"hash: ""0xb2f516bd87dab79ca9bf09d069d7526ba6c4f6cf5c8e07ace692db39c6e3d85a"" from: ""0x5b441f7ccf29ef51494008cbab224ffd45e153b2"" to: ""0x626c408da748df58d844aa811aa83501556c10d1"" tokenSymbol: ""XDAI"" value: ""200.0""",,,,"hash: ""0x1a8aa7ba9172530d093af44cda6104e1c0815638b49c85b87a0b19ee88504bbd"" from: ""0x81c4a9a4f4ca1b0fe87c9ecc3fc855c64d781695"" to: ""0x8c8578cb6ef972b978452b4f22b2677c97c18661"" tokenSymbol: ""XDAI"" value: ""70.0""",,"hash: ""0x49b646a24077ef6303c132b7c146561c708073558365365c8377a936463e57c7"" from: ""0x6c965b656c450259a6d4d95a2e68fb4319eecbc0"" to: ""0x9ae494fbac34682c122a1d4e3d6ae1eb5404a469"" tokenSymbol: ""XDAI"" value: ""0.7"""
"hash: ""0x227209014b939efc373ae5efd61fd63e92d449cae2b0b40e69e763fc303aa718"" from: ""0x6da0c6a8889089c9e466be8699992f19f0e18e3d"" to: ""0x5b441f7ccf29ef51494008cbab224ffd45e153b2"" tokenSymbol: ""XDAI"" value: ""345.0""",,,,"hash: ""0x56624fe851f0213520cfb89ab799067f89083cb6829661279859f90e2f42dd1e"" from: ""0x593176a04b6a4e3188abfb3e892d55671a0f6b56"" to: ""0x8c8578cb6ef972b978452b4f22b2677c97c18661"" tokenSymbol: ""XDAI"" value: ""3.1""",,"hash: ""0x71964b780cdcc52071c8c06b943b987a23097d64a97640f560d87a37e98f4a3d"" from: ""0x6c965b656c450259a6d4d95a2e68fb4319eecbc0"" to: ""0x9ae494fbac34682c122a1d4e3d6ae1eb5404a469"" tokenSymbol: ""XDAI"" value: ""1.24"""
"hash: ""0x499cb3ffe0943e01fae79cf5a489dc549170ce9656a2b685517225ae0b65616e"" from: ""0x6da0c6a8889089c9e466be8699992f19f0e18e3d"" to: ""0x9246171854852536c8bc008776eb66faf35f8f4a"" tokenSymbol: ""XDAI"" value: ""15.0""",,,,"hash: ""0xeac895feee572ee53e345066c9410267512fdbf8af730c1e5d15ce322e9c6dfa"" from: ""0x593176a04b6a4e3188abfb3e892d55671a0f6b56"" to: ""0x8c8578cb6ef972b978452b4f22b2677c97c18661"" tokenSymbol: ""XDAI"" value: ""81.0""",,"hash: ""0x3b942e36d8513b63580f20d2914b3fdfa28be7c0f21dac61ce9b9aa8e78d018d"" from: ""0x6c965b656c450259a6d4d95a2e68fb4319eecbc0"" to: ""0x9ae494fbac34682c122a1d4e3d6ae1eb5404a469"" tokenSymbol: ""XDAI"" value: ""21.53"""
"hash: ""0xf1a4339ce8d12db69237b6a634f73c028cda6cb50459bcfad6cea93aee0d515f"" from: ""0x6da0c6a8889089c9e466be8699992f19f0e18e3d"" to: ""0x921ec2c2b5a67066c8870c02c55c55ef6b1f7fde"" tokenSymbol: ""XDAI"" value: ""0.0""",,,,"hash: ""0x52c9bbf71b5d1a9c407ed2d3ca8500f403849168c1c830ab1707c5bbb577e207"" from: ""0x83cf5503402768415856fc629bd4f213e7effb43"" to: ""0x8c8578cb6ef972b978452b4f22b2677c97c18661"" tokenSymbol: ""XDAI"" value: ""74.0""",,"hash: ""0xcee56cef5fe2c755c04564d75a0b288b0caea933656eec9e45308c6ca0112486"" from: ""0x6c965b656c450259a6d4d95a2e68fb4319eecbc0"" to: ""0x9ae494fbac34682c122a1d4e3d6ae1eb5404a469"" tokenSymbol: ""XDAI"" value: ""0.66"""
"hash: ""0x52208bdb41c459bbfb38968d39297539864919b0a1bd8ea8fa6e4989361d4a51"" from: ""0x6da0c6a8889089c9e466be8699992f19f0e18e3d"" to: ""0x921ec2c2b5a67066c8870c02c55c55ef6b1f7fde"" tokenSymbol: ""XDAI"" value: ""96.68916""",,,,"hash: ""0x84f3b1931cab76321118dfaca2dac67f76bd26e6ed11fc24c8ae84b15807e96d"" from: ""0xa665a343a7dee34ccc6045aaf808a45d80e31d80"" to: ""0x8c8578cb6ef972b978452b4f22b2677c97c18661"" tokenSymbol: ""XDAI"" value: ""100.0""",,"hash: ""0x29ccea9d055ad02ce2f50d2dcd46f75e040f4b30d31a7a450fa2e602dc346770"" from: ""0x6c965b656c450259a6d4d95a2e68fb4319eecbc0"" to: ""0x9ae494fbac34682c122a1d4e3d6ae1eb5404a469"" tokenSymbol: ""XDAI"" value: ""6.64"""
"hash: ""0xffc80f53ab9217116c60da936efab6a80286d119a68f384d96e4550cf940c55c"" from: ""0x9246171854852536c8bc008776eb66faf35f8f4a"" to: ""0x6da0c6a8889089c9e466be8699992f19f0e18e3d"" tokenSymbol: ""XDAI"" value: ""9.999958""",,,,,,"hash: ""0x127584c80b649377fd34c4c514ddd01721d3b2cf961fba866dcf0a42acbf3822"" from: ""0x6c965b656c450259a6d4d95a2e68fb4319eecbc0"" to: ""0x9ae494fbac34682c122a1d4e3d6ae1eb5404a469"" tokenSymbol: ""XDAI"" value: ""8.0"""
"hash: ""0x52d5729e31a6d8ef91420a7b786a2d9f036dffddd6b45e917c8802d8cd8cc10f"" from: ""0x6da0c6a8889089c9e466be8699992f19f0e18e3d"" to: ""0x9246171854852536c8bc008776eb66faf35f8f4a"" tokenSymbol: ""XDAI"" value: ""3.0""",,,,,,"hash: ""0x114054fa4af9601d9257be2b0154f7c9f1c8e2ce95386e7b6ddb192fe4e07fee"" from: ""0x6c965b656c450259a6d4d95a2e68fb4319eecbc0"" to: ""0x9ae494fbac34682c122a1d4e3d6ae1eb5404a469"" tokenSymbol: ""XDAI"" value: ""15.0"""
"hash: ""0xbd7911ffecb3e01174e7ec13e17549804300d6e275313a5ce80fe9f0705337b7"" from: ""0x9246171854852536c8bc008776eb66faf35f8f4a"" to: ""0x6da0c6a8889089c9e466be8699992f19f0e18e3d"" tokenSymbol: ""XDAI"" value: ""1.0""",,,,,,"hash: ""0xea2d3758bdabf45fa76cf1fd1d5d87248da2e93d527b38903fc3353f359aa9d1"" from: ""0x6c965b656c450259a6d4d95a2e68fb4319eecbc0"" to: ""0x9ae494fbac34682c122a1d4e3d6ae1eb5404a469"" tokenSymbol: ""XDAI"" value: ""16.11"""
"hash: ""0x1a260fcb7cf1c64b8a56246d1cffe734f8fc3b0f39205dc6e840ca4be1fa31ed"" from: ""0x9246171854852536c8bc008776eb66faf35f8f4a"" to: ""0x6da0c6a8889089c9e466be8699992f19f0e18e3d"" tokenSymbol: ""XDAI"" value: ""53.807179070050495""",,,,,,"hash: ""0xa3877ceab6bf69ba7155bdeb49a07d355c9a6694f2d776afd589d937dbac5522"" from: ""0x6c965b656c450259a6d4d95a2e68fb4319eecbc0"" to: ""0x9ae494fbac34682c122a1d4e3d6ae1eb5404a469"" tokenSymbol: ""XDAI"" value: ""40.0"""
"hash: ""0x3f8d383ff7c3bdcafb47aa68a5a5a10b3876b53da219b4d77584adaef30faa5b"" from: ""0x6a7f3292ddddca4e5cc9b7c82c801137fcac5490"" to: ""0xa398a2c62eeb4c7024ac2f36eb1cb4d870414362"" tokenSymbol: ""XDAI"" value: ""198.0""",,,,,,"hash: ""0x858960b2cd6a24984b082c8495bd620f3db451c79a9c59a1adb6288c881e64b1"" from: ""0x6c965b656c450259a6d4d95a2e68fb4319eecbc0"" to: ""0x9ae494fbac34682c122a1d4e3d6ae1eb5404a469"" tokenSymbol: ""XDAI"" value: ""40.0"""
"hash: ""0x8c907708e845fdcdb3def1dc1e538227be812c2ba0435d3b4bbc3b2f3f048a8b"" from: ""0x9246171854852536c8bc008776eb66faf35f8f4a"" to: ""0x6a7f3292ddddca4e5cc9b7c82c801137fcac5490"" tokenSymbol: ""XDAI"" value: ""1.0""",,,,,,"hash: ""0x16024196a2bce3e6ad9ce4097cc1a161c21ce140c9028e177e032dfb067aea39"" from: ""0x6c965b656c450259a6d4d95a2e68fb4319eecbc0"" to: ""0x9ae494fbac34682c122a1d4e3d6ae1eb5404a469"" tokenSymbol: ""XDAI"" value: ""11.31"""
"hash: ""0x77f90392d6fd7eeeb763bd834509976e7f374af121b0bdc3978a87640d692798"" from: ""0xa398a2c62eeb4c7024ac2f36eb1cb4d870414362"" to: ""0x6a7f3292ddddca4e5cc9b7c82c801137fcac5490"" tokenSymbol: ""XDAI"" value: ""205.0""",,,,,,"hash: ""0x09fa3c47aacfdf8185b85ae38f50cdb2c668ed00a30b2f36d874023762684693"" from: ""0x6c965b656c450259a6d4d95a2e68fb4319eecbc0"" to: ""0x9ae494fbac34682c122a1d4e3d6ae1eb5404a469"" tokenSymbol: ""XDAI"" value: ""41.34"""
"hash: ""0xbf0cef316d6af083f72b7be98cf56ac68873ffdfbb831e92b4d316668c0c9b63"" from: ""0xa398a2c62eeb4c7024ac2f36eb1cb4d870414362"" to: ""0x6a7f3292ddddca4e5cc9b7c82c801137fcac5490"" tokenSymbol: ""XDAI"" value: ""100.0""",,,,,,"hash: ""0xad23ca1a244a04f32728688d259da03c1fc5c23ffcc889f5498334233710ee7c"" from: ""0x6c965b656c450259a6d4d95a2e68fb4319eecbc0"" to: ""0x9ae494fbac34682c122a1d4e3d6ae1eb5404a469"" tokenSymbol: ""XDAI"" value: ""27.0"""
"hash: ""0x61f83d937f739eee2f32c8663e4dd8a31d990fa6aaea2a6f32c881609df7ffa2"" from: ""0x9246171854852536c8bc008776eb66faf35f8f4a"" to: ""0xa398a2c62eeb4c7024ac2f36eb1cb4d870414362"" tokenSymbol: ""XDAI"" value: ""1.0""",,,,,,"hash: ""0x9ca662b77f087eccdf82a7bdb0e0a048da06ccebd72ee7956651fcdcfe2d471c"" from: ""0x6c965b656c450259a6d4d95a2e68fb4319eecbc0"" to: ""0x9ae494fbac34682c122a1d4e3d6ae1eb5404a469"" tokenSymbol: ""XDAI"" value: ""6.34"""
,,,,,,"hash: ""0xf4ac3dfb46f0b2c9e2d160c3ce2d20665438f2546fcfd67376d5c068013d8a08"" from: ""0x6c965b656c450259a6d4d95a2e68fb4319eecbc0"" to: ""0x9ae494fbac34682c122a1d4e3d6ae1eb5404a469"" tokenSymbol: ""XDAI"" value: ""33.0"""
,,,,,,"hash: ""0xd48024a066f34d17dc40efe49b29e6d438b7e1b654a5ab21996f43c51cfb3d66"" from: ""0x6c965b656c450259a6d4d95a2e68fb4319eecbc0"" to: ""0x9ae494fbac34682c122a1d4e3d6ae1eb5404a469"" tokenSymbol: ""XDAI"" value: ""42.0"""
,,,,,,"hash: ""0xa50f51f0bb1541c6583604b2239f39284ce8bb3f0d24e80f1f2939b22ad92b93"" from: ""0x6c965b656c450259a6d4d95a2e68fb4319eecbc0"" to: ""0x9ae494fbac34682c122a1d4e3d6ae1eb5404a469"" tokenSymbol: ""XDAI"" value: ""38.56"""
,,,,,,"hash: ""0xb91057c8844b34778066304381337bdc9f565aeecf527331d1720adc0247735f"" from: ""0x6c965b656c450259a6d4d95a2e68fb4319eecbc0"" to: ""0x9ae494fbac34682c122a1d4e3d6ae1eb5404a469"" tokenSymbol: ""XDAI"" value: ""20.0"""
,,,,,,"hash: ""0x0ee56b78109609519c79b61ee2347c06b420b6cdaf224acfee92564aef502bb3"" from: ""0x6c965b656c450259a6d4d95a2e68fb4319eecbc0"" to: ""0x9ae494fbac34682c122a1d4e3d6ae1eb5404a469"" tokenSymbol: ""XDAI"" value: ""16.0"""
,,,,,,"hash: ""0x90c8432dae020ae68039d3ccbf8695faf7cbbba85e43373cdd640dc203fef46e"" from: ""0x9ae494fbac34682c122a1d4e3d6ae1eb5404a469"" to: ""0x6c965b656c450259a6d4d95a2e68fb4319eecbc0"" tokenSymbol: ""XDAI"" value: ""14.0"""
,,,,,,"hash: ""0xa5db5730b623ac3bfafe9acdade82fb8d3d8f00de4f0ac948a9a73ff175599f1"" from: ""0x6c965b656c450259a6d4d95a2e68fb4319eecbc0"" to: ""0x9ae494fbac34682c122a1d4e3d6ae1eb5404a469"" tokenSymbol: ""XDAI"" value: ""35.0"""
,,,,,,"hash: ""0x8ef02a1652370f6a8c6ccaf9febcb5cdc7b7e9b72f5a52340105f3f1c1bb36d8"" from: ""0x6c965b656c450259a6d4d95a2e68fb4319eecbc0"" to: ""0x9ae494fbac34682c122a1d4e3d6ae1eb5404a469"" tokenSymbol: ""XDAI"" value: ""14.31"""
,,,,,,"hash: ""0x240f1c837c3f4312e5f29f55cfa5384a404d9a67862a26d39bb530ea12659f38"" from: ""0x6c965b656c450259a6d4d95a2e68fb4319eecbc0"" to: ""0x9ae494fbac34682c122a1d4e3d6ae1eb5404a469"" tokenSymbol: ""XDAI"" value: ""30.0"""
,,,,,,"hash: ""0xd1f0b04d5779190927402b0b64222158a61efa7eb5b619247ef9b4abb1307179"" from: ""0x6c965b656c450259a6d4d95a2e68fb4319eecbc0"" to: ""0x9ae494fbac34682c122a1d4e3d6ae1eb5404a469"" tokenSymbol: ""XDAI"" value: ""30.0"""
,,,,,,"hash: ""0x7d175c98a49a4f268e5a196b0bc7191386fe1b264885436fd25c308d085e088f"" from: ""0x6c965b656c450259a6d4d95a2e68fb4319eecbc0"" to: ""0x9ae494fbac34682c122a1d4e3d6ae1eb5404a469"" tokenSymbol: ""XDAI"" value: ""44.0"""
,,,,,,"hash: ""0x8582f186839881c8d9bef41aaba731eeb39068563a3cda4d2e502b7ebb471016"" from: ""0x6c965b656c450259a6d4d95a2e68fb4319eecbc0"" to: ""0x9ae494fbac34682c122a1d4e3d6ae1eb5404a469"" tokenSymbol: ""XDAI"" value: ""25.7"""
,,,,,,"hash: ""0xfd2c6835d629b682d8499012852a131a217ba95a39e8963b73827563582d1085"" from: ""0x6c965b656c450259a6d4d95a2e68fb4319eecbc0"" to: ""0x9ae494fbac34682c122a1d4e3d6ae1eb5404a469"" tokenSymbol: ""XDAI"" value: ""11.0"""
,,,,,,"hash: ""0x4105783a3178329c9f9a801c0e454f01e19fdeb26d30862451e4bbafecc68e37"" from: ""0x6c965b656c450259a6d4d95a2e68fb4319eecbc0"" to: ""0x9ae494fbac34682c122a1d4e3d6ae1eb5404a469"" tokenSymbol: ""XDAI"" value: ""14.0"""
,,,,,,"hash: ""0x459c44cd4e6b688856178df0ffa9c22a0e9f2b2075df67b59270c46a7ca48b4b"" from: ""0x6c965b656c450259a6d4d95a2e68fb4319eecbc0"" to: ""0x9ae494fbac34682c122a1d4e3d6ae1eb5404a469"" tokenSymbol: ""XDAI"" value: ""22.0"""
,,,,,,"hash: ""0x3f87c413eafc27ce1f3082336cedd2145973170a676e36985bbfd81bd3028279"" from: ""0x9ae494fbac34682c122a1d4e3d6ae1eb5404a469"" to: ""0xa64f2228ccec96076c82abb903021c33859082f8"" tokenSymbol: ""XDAI"" value: ""0.1"""
,,,,,,"hash: ""0xa1b17f9a04928e2301409e2ed135ad24c1615fab4114da3e14d00b96cc6cdde3"" from: ""0x5cb4db7c9f48a97115e8ada31d0e974f36d8fd49"" to: ""0x7fb610713c8404e21676c01c271bb662df6eb63c"" tokenSymbol: ""XDAI"" value: ""4.19e-07"""
,,,,,,"hash: ""0x9dadefb37df00e855a3500ad01bec39b3372440a83a0aec5537a2b6b87b2efac"" from: ""0x6cde102aa34d4da9a266f2f0080c889cd6c92748"" to: ""0x9a760aa1fe631fd9ac0aee0965736121c7c132cc"" tokenSymbol: ""XDAI"" value: ""80.0"""
,,,,,,"hash: ""0x0afd0afa6aa26c63d164a8515e4a2fa59357f378cc3dcdc60a30b446123d2ec7"" from: ""0x7fb610713c8404e21676c01c271bb662df6eb63c"" to: ""0x70f213d5df2f913125166c203b1f952bdc13b6a5"" tokenSymbol: ""XDAI"" value: ""59.06559296"""
,,,,,,"hash: ""0xd69940f38b212639046b9b6b4f2478137d295a4a10898c0ad4b16932267516d1"" from: ""0x7fb610713c8404e21676c01c271bb662df6eb63c"" to: ""0x70f213d5df2f913125166c203b1f952bdc13b6a5"" tokenSymbol: ""XDAI"" value: ""234.42092283"""
,,,,,,"hash: ""0x7628b47cce3d4eaca033d9081990f09f5eb37d5143c25eadfd91766f03163d4d"" from: ""0x9924285ff2207d6e36642b6832a515a6a3aedcab"" to: ""0x826976d7c600d45fb8287ca1d7c76fc8eb732030"" tokenSymbol: ""XDAI"" value: ""15.0"""
,,,,,,"hash: ""0x7658ac2f99bfb340b7f4466666b4b5fcc9c41d5c467b0fa29b99bc5318666978"" from: ""0x9924285ff2207d6e36642b6832a515a6a3aedcab"" to: ""0x9a760aa1fe631fd9ac0aee0965736121c7c132cc"" tokenSymbol: ""XDAI"" value: ""55.638962"""
,,,,,,"hash: ""0xb65b1c2e09b33eba7712d3dbf1fb994af3e431eebdf581039cbf2608cc5044ea"" from: ""0x9924285ff2207d6e36642b6832a515a6a3aedcab"" to: ""0x9a760aa1fe631fd9ac0aee0965736121c7c132cc"" tokenSymbol: ""XDAI"" value: ""1000.0"""
,,,,,,"hash: ""0xd42b05af22139460308c4aa8ba0bc7b04af234d818072f801b603c5d2d0edcd9"" from: ""0x9924285ff2207d6e36642b6832a515a6a3aedcab"" to: ""0x9a760aa1fe631fd9ac0aee0965736121c7c132cc"" tokenSymbol: ""XDAI"" value: ""56.027311"""
,,,,,,"hash: ""0x61031a258e87efda43576b0ccbb8ca17ae9e536f95501a1fe32d478b2e5933fd"" from: ""0x9924285ff2207d6e36642b6832a515a6a3aedcab"" to: ""0x9a760aa1fe631fd9ac0aee0965736121c7c132cc"" tokenSymbol: ""XDAI"" value: ""1000.0"""
,,,,,,"hash: ""0x38bc70381f26d2d26b469dcd9ba5ac0b649aef968fc89b4487d64fa159b100d1"" from: ""0x9924285ff2207d6e36642b6832a515a6a3aedcab"" to: ""0x9a760aa1fe631fd9ac0aee0965736121c7c132cc"" tokenSymbol: ""XDAI"" value: ""400.0"""
,,,,,,"hash: ""0x2daac67ed672c17605ec138b105eedb470370472085fecfb359536419b5e7cad"" from: ""0x9924285ff2207d6e36642b6832a515a6a3aedcab"" to: ""0x9a760aa1fe631fd9ac0aee0965736121c7c132cc"" tokenSymbol: ""XDAI"" value: ""500.0"""
,,,,,,"hash: ""0x3f7c9bbc0df6065c4b7e87a493d145f5017097d26ee9ac24016960ed1e6d06f6"" from: ""0x9924285ff2207d6e36642b6832a515a6a3aedcab"" to: ""0x9a760aa1fe631fd9ac0aee0965736121c7c132cc"" tokenSymbol: ""XDAI"" value: ""900.0"""
,,,,,,"hash: ""0xc2832a8547c7df66350bd406fa6d763be10396b36291c72d083141f59c9494f4"" from: ""0x9924285ff2207d6e36642b6832a515a6a3aedcab"" to: ""0x9a760aa1fe631fd9ac0aee0965736121c7c132cc"" tokenSymbol: ""XDAI"" value: ""300.0"""
,,,,,,"hash: ""0x70281f4290c26d0f2d6bd8f80840556decc646c989174e6bfc530a71b76b14ff"" from: ""0x9924285ff2207d6e36642b6832a515a6a3aedcab"" to: ""0x9a760aa1fe631fd9ac0aee0965736121c7c132cc"" tokenSymbol: ""XDAI"" value: ""500.0"""
,,,,,,"hash: ""0x2bb4aae9c459e00f0a855c3cc588e279d3ce4d0a59f62c211af6eb1b178e08d4"" from: ""0x9924285ff2207d6e36642b6832a515a6a3aedcab"" to: ""0x826976d7c600d45fb8287ca1d7c76fc8eb732030"" tokenSymbol: ""XDAI"" value: ""14.0"""
,,,,,,"hash: ""0x877f5e2ccd151d2edec01c02cb03ff05438e410637a53e05ad55bcdc206aaf4b"" from: ""0x9924285ff2207d6e36642b6832a515a6a3aedcab"" to: ""0x9a760aa1fe631fd9ac0aee0965736121c7c132cc"" tokenSymbol: ""XDAI"" value: ""500.0"""
,,,,,,"hash: ""0x0ff2e939f26fb16d5d7daf0a0225639dc127cb3973a72b82ede21cf906fbb7e5"" from: ""0x9924285ff2207d6e36642b6832a515a6a3aedcab"" to: ""0x9a760aa1fe631fd9ac0aee0965736121c7c132cc"" tokenSymbol: ""XDAI"" value: ""500.0"""
,,,,,,"hash: ""0x40f2f97f0c8a2c8eaab1c081a284ccf51b64b6f668450dbf2cceb323e892fa99"" from: ""0x9924285ff2207d6e36642b6832a515a6a3aedcab"" to: ""0x9a760aa1fe631fd9ac0aee0965736121c7c132cc"" tokenSymbol: ""XDAI"" value: ""400.0"""
,,,,,,"hash: ""0x3ff306ae8638d7c975aff32c678ab9fd69ead2d2bc1be7c241ac25f2c93b5b1a"" from: ""0x9924285ff2207d6e36642b6832a515a6a3aedcab"" to: ""0x9a760aa1fe631fd9ac0aee0965736121c7c132cc"" tokenSymbol: ""XDAI"" value: ""600.0"""
,,,,,,"hash: ""0x01947557f4d607b9fb1b7a861827e91843ac8e8c32b42d28aa62ab9f5989e703"" from: ""0x9924285ff2207d6e36642b6832a515a6a3aedcab"" to: ""0x9a760aa1fe631fd9ac0aee0965736121c7c132cc"" tokenSymbol: ""XDAI"" value: ""500.0"""
,,,,,,"hash: ""0xc31033fe6b46335c954f2183a19ab0aba6ded9cf99ad5678e35f2243b29ad1db"" from: ""0x71503c9d3fc8da244576c736b4f8c5972d937b31"" to: ""0x7d9ab478df690d523f3b419874b5ee0da3963924"" tokenSymbol: ""XDAI"" value: ""1.0"""
,,,,,,"hash: ""0x561366a808704d71878f8def4266b24c150d92009ca6720424b7b37805eac45e"" from: ""0x71503c9d3fc8da244576c736b4f8c5972d937b31"" to: ""0x7d9ab478df690d523f3b419874b5ee0da3963924"" tokenSymbol: ""XDAI"" value: ""79.5"""
,,,,,,"hash: ""0x4704fff532d4f980d58fd37106270023e5d9af2365027de1fe249c07badd212f"" from: ""0x71503c9d3fc8da244576c736b4f8c5972d937b31"" to: ""0x7d9ab478df690d523f3b419874b5ee0da3963924"" tokenSymbol: ""XDAI"" value: ""478.0"""
,,,,,,"hash: ""0x02e8c3b1418e30d004971c22fc3d08003d277496627b367f9a1416d99886cee5"" from: ""0x71503c9d3fc8da244576c736b4f8c5972d937b31"" to: ""0x7d9ab478df690d523f3b419874b5ee0da3963924"" tokenSymbol: ""XDAI"" value: ""5.5"""
,,,,,,"hash: ""0x94ce13a2f86798be2563078486ac09df4943d83524dfc6be90a45c818504777f"" from: ""0x7d9ab478df690d523f3b419874b5ee0da3963924"" to: ""0x9a760aa1fe631fd9ac0aee0965736121c7c132cc"" tokenSymbol: ""XDAI"" value: ""3.804e-07"""
,,,,,,"hash: ""0x2efe853199185635009222fbaa0d593da4e8a6a84868e9ced7dfbf29b3fafddb"" from: ""0x65ae75ef8c5e7fdde20eecdb14ec1f7a53258f53"" to: ""0x85f736d5af98dc8d09745028f7e182bf81ae639f"" tokenSymbol: ""XDAI"" value: ""2.0"""
,,,,,,"hash: ""0x422d309928e97ea8e28c44acdcd8fda68c297e228a32b439c5eaac59c327ed7b"" from: ""0x550d0fec5209777465863b12ac60c040dd97f9a5"" to: ""0x826976d7c600d45fb8287ca1d7c76fc8eb732030"" tokenSymbol: ""XDAI"" value: ""3000.0"""
,,,,,,"hash: ""0xa61039d91e96d09ce338c90ea1814785e8a3018d5fb325e7f8ba86c1c214fcbf"" from: ""0x550d0fec5209777465863b12ac60c040dd97f9a5"" to: ""0x826976d7c600d45fb8287ca1d7c76fc8eb732030"" tokenSymbol: ""XDAI"" value: ""3000.0"""
,,,,,,"hash: ""0xf79a61ae9ffaea5ba597bc6afc159476c4c644eeb60b5c25e1a60575f143301a"" from: ""0xa7e063e7d94fcc4b25ddf899bdc7c269ae6a1558"" to: ""0x7fb610713c8404e21676c01c271bb662df6eb63c"" tokenSymbol: ""XDAI"" value: ""1e-05"""
,,,,,,"hash: ""0x0cbc0cb810eb65ef086adf125e662a8b2fec11fc74a10a9bb8a3c4a310daac11"" from: ""0xa7e063e7d94fcc4b25ddf899bdc7c269ae6a1558"" to: ""0x7fb610713c8404e21676c01c271bb662df6eb63c"" tokenSymbol: ""XDAI"" value: ""3.13e-07"""
,,,,,,"hash: ""0xe207f28d545c1e46deab3d8322735f97e8f212356a8e0e15f591a604880d7d09"" from: ""0x9a760aa1fe631fd9ac0aee0965736121c7c132cc"" to: ""0x7fb610713c8404e21676c01c271bb662df6eb63c"" tokenSymbol: ""XDAI"" value: ""0.1"""
,,,,,,"hash: ""0xf6e8b910a73d8b5429f811db531d440a48d7f89e2ab14f5186d9d30a7ef53760"" from: ""0x9a760aa1fe631fd9ac0aee0965736121c7c132cc"" to: ""0x7fb610713c8404e21676c01c271bb662df6eb63c"" tokenSymbol: ""XDAI"" value: ""0.1"""
,,,,,,"hash: ""0xbdbeeeb063300b8faa31de52b05ccf2599d252f4959b0bf21c0833a6c80bf027"" from: ""0x7fb610713c8404e21676c01c271bb662df6eb63c"" to: ""0x9a760aa1fe631fd9ac0aee0965736121c7c132cc"" tokenSymbol: ""XDAI"" value: ""1430.0"""
,,,,,,"hash: ""0x733d65d6a61b90aac9803065ab71b0a3fa652a9c2522d2998df54c5fcb9569a7"" from: ""0x71a50dd2cadce18a41c4e56b457336713dddb3b4"" to: ""0x9a760aa1fe631fd9ac0aee0965736121c7c132cc"" tokenSymbol: ""XDAI"" value: ""7.328e-07"""
,,,,,,"hash: ""0xe8294498fa871144bee9f7dbb0cbb39c74200581830a067628eac529e8d076a5"" from: ""0x7fb610713c8404e21676c01c271bb662df6eb63c"" to: ""0x5c54868adeb2cae0f0e6aa2e7610dcf9b0b06ed0"" tokenSymbol: ""XDAI"" value: ""121.01683212"""
,,,,,,"hash: ""0x4966648a25c2933571c5d187aa4cfdfef74e5702065947e6ff9863737fc95797"" from: ""0x7fb610713c8404e21676c01c271bb662df6eb63c"" to: ""0x5c54868adeb2cae0f0e6aa2e7610dcf9b0b06ed0"" tokenSymbol: ""XDAI"" value: ""242.31722211"""
,,,,,,"hash: ""0x4773e93b3a087b0b9cca29d3c2580bdce4021708aa00051f366ce0da34137c7c"" from: ""0x65ae75ef8c5e7fdde20eecdb14ec1f7a53258f53"" to: ""0x5ce561e048d2cd64523d6316228f97bd2537f92f"" tokenSymbol: ""XDAI"" value: ""31.0"""
,,,,,,"hash: ""0x83386e2e6c3613545253abcdeb688de0f2e0619a7223dbc3a0597689b698b36b"" from: ""0x65ae75ef8c5e7fdde20eecdb14ec1f7a53258f53"" to: ""0x5ce561e048d2cd64523d6316228f97bd2537f92f"" tokenSymbol: ""XDAI"" value: ""30.5"""
,,,,,,"hash: ""0xe6471fdcfd63dc9517fca745cdcd11fe851c11d65db898a74626e17b1b734ed9"" from: ""0x65ae75ef8c5e7fdde20eecdb14ec1f7a53258f53"" to: ""0x5ce561e048d2cd64523d6316228f97bd2537f92f"" tokenSymbol: ""XDAI"" value: ""30.05"""
,,,,,,"hash: ""0x1daba88fc1d939fea18eaccde6e30552f565dcddb0744ff65a061ffe8b49d8fe"" from: ""0x65ae75ef8c5e7fdde20eecdb14ec1f7a53258f53"" to: ""0x5ce561e048d2cd64523d6316228f97bd2537f92f"" tokenSymbol: ""XDAI"" value: ""60.05"""
,,,,,,"hash: ""0x15caea0df5b84a7e76dd66b8fda30e272689e9c4d0c84143abb4552a539969e0"" from: ""0x65ae75ef8c5e7fdde20eecdb14ec1f7a53258f53"" to: ""0x5ce561e048d2cd64523d6316228f97bd2537f92f"" tokenSymbol: ""XDAI"" value: ""30.0"""
,,,,,,"hash: ""0x62f1d7fa3e09e0080726b36648ab8c7e8038fc4e01a9cfbe314230f2e76014c3"" from: ""0x65ae75ef8c5e7fdde20eecdb14ec1f7a53258f53"" to: ""0x5ce561e048d2cd64523d6316228f97bd2537f92f"" tokenSymbol: ""XDAI"" value: ""30.0"""
,,,,,,"hash: ""0xe323b07cbc0a0d736f099bc11811835330f286cd4b1af6011d4f0cb87e31f7f2"" from: ""0x65ae75ef8c5e7fdde20eecdb14ec1f7a53258f53"" to: ""0x5ce561e048d2cd64523d6316228f97bd2537f92f"" tokenSymbol: ""XDAI"" value: ""30.08"""
,,,,,,"hash: ""0xcbc9355702ae6a1e048f642e2ec5ef926a8736fec347c21c29d24149c5b944bb"" from: ""0x65ae75ef8c5e7fdde20eecdb14ec1f7a53258f53"" to: ""0x5ce561e048d2cd64523d6316228f97bd2537f92f"" tokenSymbol: ""XDAI"" value: ""30.0"""
,,,,,,"hash: ""0xa861af722c372b412e6c5bf078b89353e191d05c977b4a30f9a69599f037f3cb"" from: ""0x65ae75ef8c5e7fdde20eecdb14ec1f7a53258f53"" to: ""0x5ce561e048d2cd64523d6316228f97bd2537f92f"" tokenSymbol: ""XDAI"" value: ""60.0"""
,,,,,,"hash: ""0xbec333a4d990bb89298302830b08a7eaf61bb42ada90f2186f80797f24c0bb72"" from: ""0x65ae75ef8c5e7fdde20eecdb14ec1f7a53258f53"" to: ""0x5ce561e048d2cd64523d6316228f97bd2537f92f"" tokenSymbol: ""XDAI"" value: ""180.0"""
,,,,,,"hash: ""0x7ee147ef5c41032470a224ed9e097622b2fb6ddabc1fafd26155bafe68b51ea8"" from: ""0x65ae75ef8c5e7fdde20eecdb14ec1f7a53258f53"" to: ""0x5ce561e048d2cd64523d6316228f97bd2537f92f"" tokenSymbol: ""XDAI"" value: ""150.0"""
,,,,,,"hash: ""0x9b577fb8764f25219009cbc3407c54cf783283bdfbab0953697da838be029cda"" from: ""0x65ae75ef8c5e7fdde20eecdb14ec1f7a53258f53"" to: ""0x6c965b656c450259a6d4d95a2e68fb4319eecbc0"" tokenSymbol: ""XDAI"" value: ""150.0"""
,,,,,,"hash: ""0x4c504e1d2ff8c69e7b6c9d0877d37887e4e161fe6cd2d1e00512366b9e78a11c"" from: ""0x65ae75ef8c5e7fdde20eecdb14ec1f7a53258f53"" to: ""0x6c965b656c450259a6d4d95a2e68fb4319eecbc0"" tokenSymbol: ""XDAI"" value: ""100.1"""
,,,,,,"hash: ""0x657050a5429fec385a58f3842af48ae0ef6bb1efa941deaea0ce7c219d783e70"" from: ""0x65ae75ef8c5e7fdde20eecdb14ec1f7a53258f53"" to: ""0x6abade6569f03841a0d5233d23f175eeeb3253c4"" tokenSymbol: ""XDAI"" value: ""1.0"""
,,,,,,"hash: ""0x9650b96838c0cc0afc2a494525c479611c323e935a8c59f5e7aabbab6e26510d"" from: ""0x65ae75ef8c5e7fdde20eecdb14ec1f7a53258f53"" to: ""0x9045a4d097f03f34f515a3b3e7b2fd889dd2abb7"" tokenSymbol: ""XDAI"" value: ""0.29092259978950036"""
,,,,,,"hash: ""0x5c5c16377923a629db6e1b5108da3ad6aa8125ce8cff056413bf629605abecfc"" from: ""0x6abade6569f03841a0d5233d23f175eeeb3253c4"" to: ""0x9045a4d097f03f34f515a3b3e7b2fd889dd2abb7"" tokenSymbol: ""XDAI"" value: ""0.1"""
,,,,,,"hash: ""0x78362234f5083820cef5db2cf7655b45f3e17909231855f0c022af346260ea33"" from: ""0x6abade6569f03841a0d5233d23f175eeeb3253c4"" to: ""0x6dfdca1107c5af4b92948625105e1e87ba9b21b4"" tokenSymbol: ""XDAI"" value: ""0.1"""
,,,,,,"hash: ""0x41b62f40c85c45702df2396a4e6855b0592274aa7eab6dffdf8bf7cb22cdedaa"" from: ""0x6abade6569f03841a0d5233d23f175eeeb3253c4"" to: ""0x6fd69ae1f7d2b2d537814156744786344c37348b"" tokenSymbol: ""XDAI"" value: ""2.0"""
,,,,,,"hash: ""0xd0425b563ad68860c85f80e37cb2f8f685e6e9309ebcef77a4e8294e6509e175"" from: ""0x6abade6569f03841a0d5233d23f175eeeb3253c4"" to: ""0x9045a4d097f03f34f515a3b3e7b2fd889dd2abb7"" tokenSymbol: ""XDAI"" value: ""0.18"""
,,,,,,"hash: ""0x00fab721b2f75fa9e5b47d75e9df41a03036cb0c474aaa79eae488ba154fdc01"" from: ""0x8f48094a12c8f99d616ae8f3305d5ec73cbaa6b6"" to: ""0x5ac583feb2b1f288c0a51d6cdca2e8c814bfe93b"" tokenSymbol: ""XDAI"" value: ""140.0"""
,,,,,,"hash: ""0x8b05d42e711088ebd8eaaf7accaf9b9c758a1efff392905b5d3f7c9c523488a8"" from: ""0x5ac583feb2b1f288c0a51d6cdca2e8c814bfe93b"" to: ""0xa64f2228ccec96076c82abb903021c33859082f8"" tokenSymbol: ""XDAI"" value: ""0.01"""
,,,,,,"hash: ""0x3082b9afc2103c70662a75644f515447301aa47f636946b98e4279592a99e621"" from: ""0x9045a4d097f03f34f515a3b3e7b2fd889dd2abb7"" to: ""0x6fd69ae1f7d2b2d537814156744786344c37348b"" tokenSymbol: ""XDAI"" value: ""0.3"""
,,,,,,"hash: ""0x72f9bc34fb8bc1967d0fd4acea6925efd4bac89660b3590bcf2266e5fec1fcae"" from: ""0x826976d7c600d45fb8287ca1d7c76fc8eb732030"" to: ""0x58c67b6fc7b96f7f83e023e2beb7f641febc6270"" tokenSymbol: ""XDAI"" value: ""50.0"""
,,,,,,"hash: ""0x40139519c2cf5a1ebbc87eb7d2b29dab34b9806a3f523232e3b6ebf2998784e4"" from: ""0x826976d7c600d45fb8287ca1d7c76fc8eb732030"" to: ""0x58c67b6fc7b96f7f83e023e2beb7f641febc6270"" tokenSymbol: ""XDAI"" value: ""713.51"""
,,,,,,"hash: ""0x8c507eed52ad31c6ac8aca24e983ddade722c340670cabe7a164608f1d1bf31a"" from: ""0x6c965b656c450259a6d4d95a2e68fb4319eecbc0"" to: ""0x79bd8fce0c6de4bb07584472dd0251da18eb8834"" tokenSymbol: ""XDAI"" value: ""16.0"""
,,,,,,"hash: ""0xf731efbf14f3031be2e064bdac9a79c340ba962f0fd09ceb5470ad6aee31950e"" from: ""0x6ac6505342aade7461e535b745c419e069526d14"" to: ""0x7fb610713c8404e21676c01c271bb662df6eb63c"" tokenSymbol: ""XDAI"" value: ""4.584e-07"""
,,,,,,"hash: ""0xb1c7d5ce044f69d8894d8df6d703c8cc86272ca43bf3a13769ef383bae43eb58"" from: ""0x7326b0d5ba05bb1db17298a0283ab1d3269adeb2"" to: ""0x7fb610713c8404e21676c01c271bb662df6eb63c"" tokenSymbol: ""XDAI"" value: ""3.144e-07"""
,,,,,,"hash: ""0x53c80f13199d9105bb9eef839cd6b66599434b1f62981edf3290831f1a974363"" from: ""0x826976d7c600d45fb8287ca1d7c76fc8eb732030"" to: ""0xa64f2228ccec96076c82abb903021c33859082f8"" tokenSymbol: ""XDAI"" value: ""10.0"""
,,,,,,"hash: ""0xa51bd27a024043814c52facce41e75bd911159d2473c9175b115e30de256655a"" from: ""0x826976d7c600d45fb8287ca1d7c76fc8eb732030"" to: ""0xa64f2228ccec96076c82abb903021c33859082f8"" tokenSymbol: ""XDAI"" value: ""10.0"""
,,,,,,"hash: ""0xa279357064b1db4df724e1b77eecb9ff226bde82a604b689e148e90110da8161"" from: ""0x6d0ca44ede0818b4524c838f8175035f79d49bdc"" to: ""0x7fb610713c8404e21676c01c271bb662df6eb63c"" tokenSymbol: ""XDAI"" value: ""1.0"""
,,,,,,"hash: ""0x9f6905e5f6c430966ba3dc7374970610a9bd24a5a1be05731780fc0ee74945e4"" from: ""0x818625b467b04416e41be4364f1eb48e0eec7400"" to: ""0x7fb610713c8404e21676c01c271bb662df6eb63c"" tokenSymbol: ""XDAI"" value: ""2.081e-07"""
,,,,,,"hash: ""0x2861c36ec9b1a643ffb54a3a297aff83bd1ea5aa2bb183e57845cb6cb99d83e4"" from: ""0x5e55b240bada3a286724ef68ee6fe5c543d6465a"" to: ""0x7fb610713c8404e21676c01c271bb662df6eb63c"" tokenSymbol: ""XDAI"" value: ""4.739e-07"""
,,,,,,"hash: ""0x23d8b2606d34e5588b7ce92ed999d1b4ead3f3b4e840e149bc309c966318de49"" from: ""0x6d03cbc95172c140cbcd06d16f6c8c29e322c14e"" to: ""0x7fb610713c8404e21676c01c271bb662df6eb63c"" tokenSymbol: ""XDAI"" value: ""2.137e-07"""
,,,,,,"hash: ""0x2189b4e2dde7a108ea0b44e832068f107f6d3b2c6cac47e34502345af9ec4d76"" from: ""0x68dcba93b512a0de773625340eb1c3c67bb19ef3"" to: ""0x7fb610713c8404e21676c01c271bb662df6eb63c"" tokenSymbol: ""XDAI"" value: ""1.542e-07"""
,,,,,,"hash: ""0x270f65ca1f236c6401c2177195b389c21b9825df1c13e3024ce38bf8316faab9"" from: ""0x68dcba93b512a0de773625340eb1c3c67bb19ef3"" to: ""0x7fb610713c8404e21676c01c271bb662df6eb63c"" tokenSymbol: ""XDAI"" value: ""1.542e-07"""
,,,,,,"hash: ""0xe90528b77afa78c53f8478c69fb277efbf7531c399d52d01b2407891bb177cd1"" from: ""0xa331a2e72b75176c36f4e878c99f3e0585f77dc5"" to: ""0x7fb610713c8404e21676c01c271bb662df6eb63c"" tokenSymbol: ""XDAI"" value: ""9.602e-07"""
