GROUP 1,GROUP 2,GROUP 3,GROUP 4,GROUP 5,GROUP 6,GROUP 7,GROUP 8,GROUP 9,GROUP 10,GROUP 11,GROUP 12
GROUP 1,GROUP 2,GROUP 3,GROUP 4,GROUP 5,GROUP 6,GROUP 7,GROUP 8,GROUP 9,GROUP 10,GROUP 11,GROUP 12
0x0ea00e4bba682b9d1f61b363b6ed15dcd3d8764c <-> 0x4fbfa26782426f0726aef9efbf756d1845b98d37 <-> 0xb94fa6419f7a64a23da156600dba562d6d50d6f4 <-> 0x65dc6cff37b6b90c0637638fec172e19781f208d <-> 0xeda141813c0d41ff58feffdf4210ae43ae2f4780 <-> 0x2f8a75e0a73e5f3de49e749deb802aa3e84ad378 <-> 0x019aab29288077b86da1e66edc97426f24924e57 <-> 0x905712052bf45b8f9540a5234e81a3732f59f5cc <-> 0xaa4d566ad2869ee214bfdb9a869c5b567db6a8db <-> 0x1f7e41ee56b85fbdde5708dbee70c54592fc5feb <-> 0xfd6011b842841e1d21af5e2f916d1c655e84cf60 <-> 0x2e2b60962738d2ee0007cf2c4df2a592bb527149 <-> 0x423e36405d5da38675ab8445acb2dfd4ddb050af <-> 0xc0814450fcacb5e2f4e795b79f439f30ff341c5f <-> 0x240d5a7de097f1894993abd0b97721a022ed7af6 <-> 0xb81462500428c7077a0dc3bdd54bb0e3dc27dd01 <-> 0x7cadc114c73d659a17f96552bc3961ecc2f5d6ab <-> 0xb36186f0d918c85c2d9d31fb2c33f57052c12b94 <-> 0xb7564c664378f960702093673afe39d908c049eb <-> 0x05096a104f21c18051be1d004ae6ddce931a0f5e,0xd95bf4e0e8a682389be9efbff865cef2a76e5b31 <-> 0xae4991f2e7c5e1a410a9767aa8e031ceff3dde17 <-> 0xda14090f30c88244402dca03dacb5aa136fa92cf <-> 0x3f0c468a4656432fbcc65794894c766f919aeffd <-> 0xe681d79133947a421bcab3e631cc42d30460af54 <-> 0x313b960672ea47e2f16d14dfb5d29356b9040f2a <-> 0x6f901fc9e41ec98afa2a6adb45b8e56d26cfe750 <-> 0x8fc6003daded7aeef374ec36030d7770fe41ca3b <-> 0x03bd67adee119b12ccc7c463d1e9e9ced9997dde <-> 0x38a1452507d3725d0f42a16151c79c04a8d4fbde <-> 0x864f13b8cf6290b72fc8641e6975a42889bd407b <-> 0x2da9d737f79a65ec30be5cb58dcf2e901d8f8ea1 <-> 0xaad778b4da1860f8c3aeb05e7ee020a2039c5367,0x3ded7774389465aa7726c2637b071ca0aaab3736 <-> 0xb3ce6f6e9e04ede2ffcb0aef66b67fb8229bc49f <-> 0x5103b934428b827fe46f9e13a4a4376f1b9571f8 <-> 0x08f49b73e8b4f222fba2b7ba2ddfbd1cd38666b7 <-> 0xb9f5c0eff922195c7bc8dab6c0e93b44f1e40044 <-> 0x7aff1baa3c1b82f49191f14de679d7f8bf5be34c <-> 0x9eb513dbe03949aff60d0313fed742dc454cc406 <-> 0xa896ea6bfe88a6fc0965ea58a4723f69010afc24 <-> 0x99986d5a0ee679e239f43456b260e4c30cb5dff5 <-> 0x9b1ee1f9b494ace690bc5661cfbd2e78ef94b46f <-> 0x989684a6bb7bc4781ab95f4c5eda48ea06401d8e,0x28490898850a8628ee4d5889d8e21cc0058d58c4 <-> 0x6833c9040bcff71c3d7f8f3e84d3ae4f654f9b86 <-> 0x8c2e4c5f20b0a0cce314aad725a390e254577bd0 <-> 0x4b881b87ee88754e0023957aad7bf9e4d2fe0d96 <-> 0x0b60e20d5c85b8bef8a2549978c520cb48c89662 <-> 0x4cb780fd3286f2d10199b61423d1c804bd2a5d2b <-> 0xf8881daa588563a25f07d49fef3b989dcec765b9 <-> 0x119460ecc4c538a02307e5d4f687bb83eddc5cf9 <-> 0xc24a95e478a06e66ec96d54a2a92c1ddc7d10b11 <-> 0x2911c43622e9939b6d1f0f677d92b4bd95acb90f <-> 0x5ee7e80e0c2ceb690c567aca7761c7118101c8af,0xf67a5363a5baa5cbc2aa15426210990cc0da71f8 <-> 0x81c36ea4be160fa742431a4196b577c03936ae0e <-> 0x82575ae22d638cfd895959d7909fd6fd368b9670 <-> 0x7cf71914779d76f01f50421481b681a15adca4fa <-> 0xb6b89fb2c95ee0903f57a8fd9721f6a705ddcf3c <-> 0xbc40673de7227ef249a32db7a9339aa361083cf9 <-> 0x4281d296855cdd1bb6aa649277085516ad2b981f <-> 0x14b7cd25f1be37f3ea68d253ab2d37a8ae0c7378 <-> 0x45c6364d789452eead53ddc0ebcb540622aaf77b <-> 0x7b397da5bd525aafc131107d47836304d65e446d <-> 0x0f7543accbe4980d8a97f94d4c4a2830ddb544d7 <-> 0x538bc2c4152a3a6fd4ed6353e9be22f56994539e <-> 0x390fce1cc23f8c212d876796b648d6897e524ada <-> 0x69675e5ebae37337d77759ebaa9ae110a22ecbd3 <-> 0x1b24f8e677438651f6e8b5c5883f7f90c264b7f6 <-> 0x38a9ec40b50c1cbf749d6e8b5f9e74c335f0425b <-> 0x5a166573c84d5a9e910cd08bec432d2333bec707,0xd02ce37882ed1760327acaa5831dbf6b4e681869 <-> 0x2577c5976cd6eea4f83c4abeefdb9c8a5e874f46 <-> 0xceee3115ee9ec10f2040ec3b4b42a6f4b8c5cb38 <-> 0xca00153fd03a5df873ab637883e970c22dfecfed <-> 0x6d205238cd78f5db27e5ee2966de2d9580a6ae88 <-> 0x2f84fca382b232058ce663d66a483dc82a9eada5 <-> 0xe5ef8212e86e6fe85b8b02ef5e119bff29ffd3d5 <-> 0x5d24ca5564d6dd6989c7d2a4534ff4305970e082 <-> 0x78641611300de9319536e9110c38850501e81d65 <-> 0xc46cf1232a52f911c6f304f7e4a37c3f4faeace7 <-> 0x107b5dccb860d8af74c12d32a4e1e17783f10442,0x6bda0404288459cdc35b95a0162636088dccbee8 <-> 0xa8bfcda34550ecb5009813b1ca828e85e7cf8edf <-> 0xceed5de12428369816cd22d1ba71463fc4c4c73e <-> 0x7467be2dc905d2aefe2068f3bc249f388c2b3456 <-> 0x92da9398d7fc1a9a005a730f2433f697215e75c1 <-> 0xe3b8681778882bdd121b51eada0de2b9088398df <-> 0x124ee858516114b5bc10e15a7da832fb87287af3 <-> 0xdcf411429b7c41c49409ddb14d87267ebdf74289 <-> 0xda8639ebade510607414fe396e98171280ee86f1 <-> 0x23db1258b7e83dee9120190cb452d621f4e29085 <-> 0x5f6777c4a4f6be1fb40702caabd06a660d56a42a <-> 0x3c7d5bb537abae440e0abe552342f422a4b1e6c1 <-> 0xda3605d79bc9e6ddef9bc8166c922cf7fd7c01a0 <-> 0x8029c4c55afd6f0e93ec080c5041e7e62e21bceb <-> 0x6b9137bea4aa33b7d06c74b7678d88da889e0051 <-> 0x8b0a234b06c1472b39035d9449fab5dc1ff93c8d <-> 0x9f479ae664f0beda22c64e5f48a150a6f85acb77 <-> 0xbeb4d273c61cae9fb0d39ebd3cd6703d09292530,0x9bd7e2793639270ad694a0a540965b4593595e6c <-> 0x81754d2bbb367ca0951c7997254d568fab9adc43 <-> 0x9893d28843734bffd1450cde950a8d5a0476d7fd <-> 0xe4c49fbfb6783de50bfef9cba91f94d63ae40f44 <-> 0xf5f10e92fa31a37061bdc0b407d05aa8c9307d18 <-> 0x80048d1b4b3424ccf0b673ede1b76d122eba0335 <-> 0x8fe4f29eb2fc7168a139af45df409ceb0ed48b87 <-> 0xbe502d52e250d29865ae9ef024f586e23d93ba7f <-> 0xa1fa9e02c84b69e84f3818801f19db8da40d13d7 <-> 0x51336f4d75358b791a9697394b1698167ba3ae00 <-> 0xc985ba967b5bf8a03ab7fafcc8cc3fcb5f2c02f5 <-> 0x359bbfe98323cdcd6434afdbecceab23f4b795bb <-> 0x529d49e77c7c1f04be3b069252690491cf460851 <-> 0xe98303faef684c1b50803e42193dfb5a0fd2dbdc <-> 0xb95f79c0b8e82a9c317de22a1113459fd91d2ebe <-> 0xfd31bad358f19db784873ebd075dd68231f113c8 <-> 0x155dcc4cb82d050ebaf4bfe4ec4efe34787fd026 <-> 0xf35ca242b8d7971f3fa4c0e6670693c62ccbad1a <-> 0x4196e24ec64c4a3c48e2241559e271df01e0efc0 <-> 0x6b44733ad66a69f21101dfef67564abe42e843db <-> 0x16e7f78a60e166df986d1d51691caf22080caee2 <-> 0x2d2297393fda1c1828bb588e0cedf5b2728a90fc <-> 0xa5fd96e2baa75be1ff241af93be717f2d4217a59 <-> 0x9f2992fbe98ad9dc23f0c8322d761e8a6eeeb416 <-> 0xf2f78f7a1a5a6206cbc2a4ef1456d796624ed64d <-> 0x8e567e13e29883bccb589e151b0e05f4edb31f14 <-> 0xf69184c8d1dce31394f5ff434b838825bbdfe303 <-> 0xf2795b9fe4570f938b17893d4fa9063d69cc956f <-> 0x5b0d34a235f52b322f8345ec07c8210a633477cd <-> 0x984a3fcff86abc617fe99226088ea1a6dd2cc28c <-> 0x4b47dac90541190834883bd2f19f426dc2e14dcf <-> 0x7cfb45d33f17ecc8e139da5822c39a009fd963df <-> 0x625a39bbbccb13bd093e1a31952c68d184045780 <-> 0x6acca84d948fca2e81f1a46ba59fd45131530248 <-> 0x5a2abc5452bf69fc0a4d3ffbd60d9d71853ef385 <-> 0x9fc080feacc3c9c7620d2e0618d4c35433e6f626 <-> 0x9375cdd1a20b45b008108336f09f99c0783386eb <-> 0xd2af224464948360da414479703594f8d9d3a684 <-> 0x65a3916d25e5dfb664bb91a40bde4ea00dd9aa8b <-> 0xb81da70312638fb32fd9d4d0650908ef69d67328 <-> 0xfff542722f8160625a861106d0df6c84440c8fca <-> 0xdbad81023eb45873836cd33bd03f8401c75c9596 <-> 0x1c28b88684488697e09aedfe14a72fbcde300101 <-> 0x7321e634dcaec6b0f92a09f2e3bac53788e1856a <-> 0x88d77607f48212badd37f6275894027ee72d6345 <-> 0x3a71b260967c31410743ffaee658d1b392b9af7a <-> 0x3f7a2eb50b356410c3768a81b89af425721e0a45 <-> 0x21fb32c51094821390a77a46427e403cc3b5065d,0x724b5728e927f58e356cda73872a6704e6bdb03d <-> 0xfe9a5d062c59b478469e29ecdea3bf0651d25c43 <-> 0x9237b34a85ab33b5485ba760b496c53945114ccd <-> 0xd5a1f150a079c6cbb73a7bd585c7362efff13a5f <-> 0x193f6355dac06e9ecd2b2513942d7a5ddce275d5 <-> 0x64c8adbbe2ae94c57c9691c3c6546337940fe024 <-> 0xf9c68d2ba5946b433c6f7695b4b9308aa103a32d <-> 0x921a5245790e54cf8672009f134022461a974392 <-> 0x62a14d57f12b23e8e3acfd64c4dd65d30503e7fd <-> 0x86d87900cbc806cad9508bff9ba7f1a2f90f1ea8 <-> 0x9267821374562fda4ac8d29ffc3a0d465abe005a <-> 0x966e96091df6ce838aa4943e5367d0a5beb10781 <-> 0xd568d02b3b876ee2b4567dce2efb9d27379f0568 <-> 0xe081e5ae3a47956bde081f17586d4c17d1075bde <-> 0xa1b03896a698e2b5255a21ae5c3f22c14901517c <-> 0x94443aed6c67c4201e7eb46ade63d5cc40eb7fb9 <-> 0x96dea9ffeb2b5fd18b39cee640d7a758f97e5e61 <-> 0x889cb44823b35fc53dfc3a8b58a825beb6a737b5,0x4b2fcb7aecde88f8261627315e201300bd006901 <-> 0xf2db638eb69d2eeccb3583e60972ad52861c11a1 <-> 0x3fa0817839e94b4f851b84bcdd67866b333f78fa <-> 0x2acd347edda6a65554d0c3f40b3afb54f11c0c9c <-> 0x7dbaa2aaf660ee5278e1096fe3d0d5188cca32cb <-> 0x9ad436b7bb3b3818e966144bfc598c260c8de7c8 <-> 0x2ae650fb8f463bac26699a6b4744e5cda229fa68 <-> 0xb91e8c6d109802965af67950ec13d7bae8495408 <-> 0x5ae5d39b39e4a8d35550743001cf9cb350db2a0d <-> 0x5995fcff23f84bbb21a922658cfdcb366cf204e9,0xb891d133e2cd3adfbb2796ac66746953d04a3025 <-> 0xfc03b644fc2bd233698cebb899af8c9d7480d502 <-> 0xbf1388b119e5c6cb8e640dd58b7813577a451135 <-> 0x2cfc3058f6a80b178716a26dad6769d44d9942c7 <-> 0x3822ef2affb4c5241512a7487062ec505dd2e525 <-> 0x5ad7c70ac635b38d1ff1ebd5320374d6182444b0 <-> 0xff88d7f9521b48aab1b70a931ba5d6837bdc31d7 <-> 0xc5acfb96b15770fe38eecdb3a962c0305f0cd00d <-> 0xf151240b6082515cbe0895a06ec31d3a0485a72b <-> 0x721c7fffe9ac426a028e616677811f755fa99eba,0xdd54714b3c388927aec6d9134621e35498e189d4 <-> 0x2df2d34eed59556e2929c5b5f1ef765203e9b6a1 <-> 0xfa462604423a11f0e02fc1d52bd931d38818e2db <-> 0xd145a9ee21534b48261efc37dad1b5d9188bde26 <-> 0x543af3018cfa6f325adc8a338268c5ac537de11f <-> 0xbdcdba2c0db86ae4518724ed84d27f98691001b3 <-> 0xd0cd7b6370c1939f84a0f47417f92f2112d99043 <-> 0xb8974789c5a2d734c722b42747a44e2116f7a0f3 <-> 0x4db164a19d5413d985f294c132a31d36b6a35d10 <-> 0xbbbbe1c7054b2e579c7e5b7017d2f86d3ecbefa4
"hash: ""0x4dae506a4d91eecfb22cb4a12da401b63a6fbdedfbf746fe16da2e4bb36de35b"" from: ""0xeda141813c0d41ff58feffdf4210ae43ae2f4780"" to: ""0xb81462500428c7077a0dc3bdd54bb0e3dc27dd01"" tokenSymbol: ""MOVR"" value: ""0.084025058""","hash: ""0x475d386206584a9b6ece7a4fc041fec06f293fb4518243475966a44c75972629"" from: ""0x864f13b8cf6290b72fc8641e6975a42889bd407b"" to: ""0x2da9d737f79a65ec30be5cb58dcf2e901d8f8ea1"" tokenSymbol: ""MOVR"" value: ""0.099895418""","hash: ""0xc763dced67c759495546f2102b313d695a53c0f078a7b3819060b451a7f76620"" from: ""0x989684a6bb7bc4781ab95f4c5eda48ea06401d8e"" to: ""0x3ded7774389465aa7726c2637b071ca0aaab3736"" tokenSymbol: ""MOVR"" value: ""0.09625876""","hash: ""0x3acfcb4b0519a13efd74a272be19553e04d765d816ba87a659ea11e044d5a84d"" from: ""0x28490898850a8628ee4d5889d8e21cc0058d58c4"" to: ""0x6833c9040bcff71c3d7f8f3e84d3ae4f654f9b86"" tokenSymbol: ""MOVR"" value: ""5.4244272006e-05""","hash: ""0x004e46b4a00e394356d70641cb133dddf9945f176d90654c597652aad68aeb23"" from: ""0x14b7cd25f1be37f3ea68d253ab2d37a8ae0c7378"" to: ""0x538bc2c4152a3a6fd4ed6353e9be22f56994539e"" tokenSymbol: ""MOVR"" value: ""0.3""","hash: ""0x47783fb1c4a127f2ef2d3b1910679d6ccbf07691da22a2b7b5d6d28edd154d3d"" from: ""0x107b5dccb860d8af74c12d32a4e1e17783f10442"" to: ""0xceee3115ee9ec10f2040ec3b4b42a6f4b8c5cb38"" tokenSymbol: ""MOVR"" value: ""0.01""","hash: ""0xc667cf5cc606926d64d4954f9d97ed27ee5cd48b1576ff2948b665b6b05f5de5"" from: ""0xda3605d79bc9e6ddef9bc8166c922cf7fd7c01a0"" to: ""0xdcf411429b7c41c49409ddb14d87267ebdf74289"" tokenSymbol: ""MOVR"" value: ""0.01""","hash: ""0x33add2fe860ef36d00bf299ba25b807051cba90eed57aefc96d8807719bf94d3"" from: ""0x6b44733ad66a69f21101dfef67564abe42e843db"" to: ""0xf69184c8d1dce31394f5ff434b838825bbdfe303"" tokenSymbol: ""MOVR"" value: ""0.061224601493372645""","hash: ""0x6a9a725d1fe3a14b85e5e1137b7efde10295924a6cf987ba7803c59330bca3c3"" from: ""0x62a14d57f12b23e8e3acfd64c4dd65d30503e7fd"" to: ""0xd568d02b3b876ee2b4567dce2efb9d27379f0568"" tokenSymbol: ""MOVR"" value: ""0.0481396""","hash: ""0xcdb9771dcd4a001e8ee9e1812d9c69382806fc42e59561346a4b6d561564ad7b"" from: ""0x5995fcff23f84bbb21a922658cfdcb366cf204e9"" to: ""0x2ae650fb8f463bac26699a6b4744e5cda229fa68"" tokenSymbol: ""MOVR"" value: ""0.02""","hash: ""0x4efce61017356586e4ec36f02743cba698760049e07e4682d6fb2c70d7b7417f"" from: ""0x721c7fffe9ac426a028e616677811f755fa99eba"" to: ""0x5ad7c70ac635b38d1ff1ebd5320374d6182444b0"" tokenSymbol: ""MOVR"" value: ""0.010308124654633637""","hash: ""0x4e47b24b0701e7f9d10075e32a2353967d1942928cdd3bf2eda5a3bb809b4164"" from: ""0xdd54714b3c388927aec6d9134621e35498e189d4"" to: ""0xbdcdba2c0db86ae4518724ed84d27f98691001b3"" tokenSymbol: ""MOVR"" value: ""0.502760491"""
"hash: ""0x5abfe8fd5f255345f1ab13827be65f9acee0f9bfc05237edfd258f26ebfae163"" from: ""0xb81462500428c7077a0dc3bdd54bb0e3dc27dd01"" to: ""0x2f8a75e0a73e5f3de49e749deb802aa3e84ad378"" tokenSymbol: ""MOVR"" value: ""0.083760607""","hash: ""0x1128202a1977130e93708fafb95d5363447607ed9ec78deb666399a4bb6dc0d0"" from: ""0x2da9d737f79a65ec30be5cb58dcf2e901d8f8ea1"" to: ""0xe681d79133947a421bcab3e631cc42d30460af54"" tokenSymbol: ""MOVR"" value: ""0.099629607""","hash: ""0xc20428f9c3f0f6bcb7ee076a7563efbd50f8bebf38f0e3966edae3d30380faad"" from: ""0x3ded7774389465aa7726c2637b071ca0aaab3736"" to: ""0xa896ea6bfe88a6fc0965ea58a4723f69010afc24"" tokenSymbol: ""MOVR"" value: ""0.096""","hash: ""0x483c34b91543f2d8371ec4e24c3a4abbc51b00599593a5422f22c3ed68307c58"" from: ""0x5ee7e80e0c2ceb690c567aca7761c7118101c8af"" to: ""0x4b881b87ee88754e0023957aad7bf9e4d2fe0d96"" tokenSymbol: ""MOVR"" value: ""0.09""","hash: ""0x8188722baa61b25cd2a61953688aaf2a369cc3a3329c0d765963c9dbf6c85e88"" from: ""0x538bc2c4152a3a6fd4ed6353e9be22f56994539e"" to: ""0xbc40673de7227ef249a32db7a9339aa361083cf9"" tokenSymbol: ""MOVR"" value: ""0.29936243""","hash: ""0xe2fec0d5eb44640431e871b0ff83ef68d0cabd4f1dde4148b225f8ec5c89ae8c"" from: ""0x107b5dccb860d8af74c12d32a4e1e17783f10442"" to: ""0xd02ce37882ed1760327acaa5831dbf6b4e681869"" tokenSymbol: ""MOVR"" value: ""0.01""","hash: ""0x2889eb6768bdcb808bb4d0342b357f2a9807b1acd72df51fe01d69db9c507cad"" from: ""0xda3605d79bc9e6ddef9bc8166c922cf7fd7c01a0"" to: ""0x7467be2dc905d2aefe2068f3bc249f388c2b3456"" tokenSymbol: ""MOVR"" value: ""0.01""","hash: ""0xd9b640e7daefebd375f5b3b66b48cca35045a749b080be19c9ce568fd928695b"" from: ""0xf69184c8d1dce31394f5ff434b838825bbdfe303"" to: ""0xf2795b9fe4570f938b17893d4fa9063d69cc956f"" tokenSymbol: ""MOVR"" value: ""0.06117530349337264""","hash: ""0xda904891fb01344113d26b2d8eaeb5b35026324692c1233badbcc1c64ed0729f"" from: ""0xd568d02b3b876ee2b4567dce2efb9d27379f0568"" to: ""0xd5a1f150a079c6cbb73a7bd585c7362efff13a5f"" tokenSymbol: ""MOVR"" value: ""0.0475194""","hash: ""0xb8cb15617700911fe08a0c0de1c071b3f24db0b47c12776b5ffce0be4887bb2b"" from: ""0x5995fcff23f84bbb21a922658cfdcb366cf204e9"" to: ""0x7dbaa2aaf660ee5278e1096fe3d0d5188cca32cb"" tokenSymbol: ""MOVR"" value: ""0.01""","hash: ""0x65fc725e95c4c7039ad11cc6b9d6a6fa5afa12a4ad909494225762a8ce2b4a70"" from: ""0x5ad7c70ac635b38d1ff1ebd5320374d6182444b0"" to: ""0x721c7fffe9ac426a028e616677811f755fa99eba"" tokenSymbol: ""MOVR"" value: ""0.010285812654633637""","hash: ""0xfe77ac766fda6e52cbf8e2d7305493f1ebceae95814dd4e4383a9c1883f33f6e"" from: ""0xbdcdba2c0db86ae4518724ed84d27f98691001b3"" to: ""0xd0cd7b6370c1939f84a0f47417f92f2112d99043"" tokenSymbol: ""MOVR"" value: ""0.502679195"""
"hash: ""0xe1ae904eb1bf8d8078361bc8338bf7b428a535f7890dc8a1031c9d15844bc2ca"" from: ""0x019aab29288077b86da1e66edc97426f24924e57"" to: ""0xb94fa6419f7a64a23da156600dba562d6d50d6f4"" tokenSymbol: ""MOVR"" value: ""0.081826239""","hash: ""0x10992d351ef2acff96f99c6cbb74dc8391ed686f72695cccfe6e6a7e70110b69"" from: ""0x8fc6003daded7aeef374ec36030d7770fe41ca3b"" to: ""0x864f13b8cf6290b72fc8641e6975a42889bd407b"" tokenSymbol: ""MOVR"" value: ""0.1""","hash: ""0x0f883dc50a29cac985603d613e5115bf1e07705cf7f865853c9a428b96ac80e3"" from: ""0xa896ea6bfe88a6fc0965ea58a4723f69010afc24"" to: ""0x3ded7774389465aa7726c2637b071ca0aaab3736"" tokenSymbol: ""MOVR"" value: ""0.09""","hash: ""0xb6190be9c1f4548a506396fe65640215d8328103907ca13b7d85b49271a6a06e"" from: ""0x4b881b87ee88754e0023957aad7bf9e4d2fe0d96"" to: ""0x0b60e20d5c85b8bef8a2549978c520cb48c89662"" tokenSymbol: ""MOVR"" value: ""0.03""","hash: ""0xe193fe5f86350bcf635c58dab5e7730ec61411c34ddfd6bd27408428f23425e7"" from: ""0x7b397da5bd525aafc131107d47836304d65e446d"" to: ""0x538bc2c4152a3a6fd4ed6353e9be22f56994539e"" tokenSymbol: ""MOVR"" value: ""0.2986723675""","hash: ""0xd9013142cf6fcc02b4e9cd961762b9c96672d62001cbf88cad028aa16af904f0"" from: ""0x107b5dccb860d8af74c12d32a4e1e17783f10442"" to: ""0x6d205238cd78f5db27e5ee2966de2d9580a6ae88"" tokenSymbol: ""MOVR"" value: ""0.01""","hash: ""0xad7525cb4c5e6dbf750ac2b5b5f4aedec4c253cd099a9e7c432eca61b7feb3ff"" from: ""0xda3605d79bc9e6ddef9bc8166c922cf7fd7c01a0"" to: ""0x7467be2dc905d2aefe2068f3bc249f388c2b3456"" tokenSymbol: ""MOVR"" value: ""0.01""","hash: ""0x3817a97c56928b36f38def84ca72aa5bef76a5b56386f9c38d5a17fbfed0c425"" from: ""0x9fc080feacc3c9c7620d2e0618d4c35433e6f626"" to: ""0x81754d2bbb367ca0951c7997254d568fab9adc43"" tokenSymbol: ""MOVR"" value: ""0.06328014099337265""","hash: ""0x45e439599af6de527fb220e160731e9f90cb384365f1b7e65e2e018305ae4288"" from: ""0x62a14d57f12b23e8e3acfd64c4dd65d30503e7fd"" to: ""0xd568d02b3b876ee2b4567dce2efb9d27379f0568"" tokenSymbol: ""MOVR"" value: ""0.04096018""","hash: ""0x7382891425429618174a0482d985d0014a2d339ab657913c11d7d39cc9a1d0be"" from: ""0x5995fcff23f84bbb21a922658cfdcb366cf204e9"" to: ""0x9ad436b7bb3b3818e966144bfc598c260c8de7c8"" tokenSymbol: ""MOVR"" value: ""0.01""","hash: ""0xc3b6796fb482b96df7870a127dfa35035b17feec9d0553dda9c92c46036b35fd"" from: ""0x721c7fffe9ac426a028e616677811f755fa99eba"" to: ""0x5ad7c70ac635b38d1ff1ebd5320374d6182444b0"" tokenSymbol: ""MOVR"" value: ""0.006690697454633637""","hash: ""0x60cdb1283ce084978478b653167371f767b82c7d3e21e324d324023ab49a4acc"" from: ""0x543af3018cfa6f325adc8a338268c5ac537de11f"" to: ""0xfa462604423a11f0e02fc1d52bd931d38818e2db"" tokenSymbol: ""MOVR"" value: ""0.50327071"""
"hash: ""0xa223b151e1f403e8516f33321a5e5f92dca32097c96a220ead3cbfbcef5ff373"" from: ""0xb94fa6419f7a64a23da156600dba562d6d50d6f4"" to: ""0x05096a104f21c18051be1d004ae6ddce931a0f5e"" tokenSymbol: ""MOVR"" value: ""0.081560452""","hash: ""0x6ae6b95b154e4559a6da045be092e24a8ee4394ae3c46dc71a421af446d795f8"" from: ""0xe681d79133947a421bcab3e631cc42d30460af54"" to: ""0x03bd67adee119b12ccc7c463d1e9e9ced9997dde"" tokenSymbol: ""MOVR"" value: ""0.099580965""","hash: ""0x78c9a8bb55aaa207efb4a5026431023c539d6a4f9da596337d399dc9145708d5"" from: ""0x3ded7774389465aa7726c2637b071ca0aaab3736"" to: ""0xa896ea6bfe88a6fc0965ea58a4723f69010afc24"" tokenSymbol: ""MOVR"" value: ""0.0890277""","hash: ""0x3f91443f57f27b258fccd3e6b0da63872ceb7ed662dcb142ec871b2d41483f67"" from: ""0x5ee7e80e0c2ceb690c567aca7761c7118101c8af"" to: ""0x4b881b87ee88754e0023957aad7bf9e4d2fe0d96"" tokenSymbol: ""MOVR"" value: ""0.01""","hash: ""0x3ec5b295e07a87b4b734a9aa5e397f2cf5f1ac18de4ddc049eb765f2ab12a581"" from: ""0x538bc2c4152a3a6fd4ed6353e9be22f56994539e"" to: ""0xbc40673de7227ef249a32db7a9339aa361083cf9"" tokenSymbol: ""MOVR"" value: ""0.2986555675""","hash: ""0xb64036745b2050ea7b72449e13ab4cf59d9634355feb865d58c2311802683289"" from: ""0x107b5dccb860d8af74c12d32a4e1e17783f10442"" to: ""0x5d24ca5564d6dd6989c7d2a4534ff4305970e082"" tokenSymbol: ""MOVR"" value: ""0.01""","hash: ""0xde91a7ddf67f362e7f94362f177a03bc2ec2dc4c233a6d776a12802cdbf46252"" from: ""0xda3605d79bc9e6ddef9bc8166c922cf7fd7c01a0"" to: ""0x3c7d5bb537abae440e0abe552342f422a4b1e6c1"" tokenSymbol: ""MOVR"" value: ""0.0""","hash: ""0xd53e5b4cddf34fd79b5af591e14c6648531627fe33335bd803ee28edd1d08250"" from: ""0x81754d2bbb367ca0951c7997254d568fab9adc43"" to: ""0x5b0d34a235f52b322f8345ec07c8210a633477cd"" tokenSymbol: ""MOVR"" value: ""0.06312345999337264""","hash: ""0x7dd640873e45ae28e966bd9c94f523a2717237b5a6301d4959c741b24f6a8f0a"" from: ""0xd568d02b3b876ee2b4567dce2efb9d27379f0568"" to: ""0xd5a1f150a079c6cbb73a7bd585c7362efff13a5f"" tokenSymbol: ""MOVR"" value: ""0.04046978""","hash: ""0xd6d3a23329adf25c47561dd5499dde822949b2343946c33f4c6cd68a159c56e0"" from: ""0x5995fcff23f84bbb21a922658cfdcb366cf204e9"" to: ""0xb91e8c6d109802965af67950ec13d7bae8495408"" tokenSymbol: ""MOVR"" value: ""0.01""","hash: ""0x021d0cd8ab8d323c5112341361c2a627f78dd994db1441dc40e3476a4a5c122e"" from: ""0x5ad7c70ac635b38d1ff1ebd5320374d6182444b0"" to: ""0x721c7fffe9ac426a028e616677811f755fa99eba"" tokenSymbol: ""MOVR"" value: ""0.003095486254633637""","hash: ""0xde3aaa4e8a4a9fa5dca4c8e1a429ac59fe01f45ad7a59ac907f9dbd91965e5d2"" from: ""0xfa462604423a11f0e02fc1d52bd931d38818e2db"" to: ""0xbbbbe1c7054b2e579c7e5b7017d2f86d3ecbefa4"" tokenSymbol: ""MOVR"" value: ""0.503189414"""
"hash: ""0xdcf89d990711780850e95ef657647a836d35b4803fae628ee9d498931fd540c7"" from: ""0xb36186f0d918c85c2d9d31fb2c33f57052c12b94"" to: ""0x019aab29288077b86da1e66edc97426f24924e57"" tokenSymbol: ""MOVR"" value: ""0.081876193""","hash: ""0x6917966a185f0447f00775841ab8b1499ff29f7dce067608783a2394daa13304"" from: ""0x3f0c468a4656432fbcc65794894c766f919aeffd"" to: ""0xaad778b4da1860f8c3aeb05e7ee020a2039c5367"" tokenSymbol: ""MOVR"" value: ""0.098953383""","hash: ""0x15e9ff466406f1c2c0bd0b5703190372546da6dbad9bfaefcb068c8b97008f3d"" from: ""0xa896ea6bfe88a6fc0965ea58a4723f69010afc24"" to: ""0x5103b934428b827fe46f9e13a4a4376f1b9571f8"" tokenSymbol: ""MOVR"" value: ""0.0941""","hash: ""0x3bff33bb66401725737ef81ccc818fe01536bcabe6d1b997b27f2fe819ef0d04"" from: ""0x5ee7e80e0c2ceb690c567aca7761c7118101c8af"" to: ""0x4b881b87ee88754e0023957aad7bf9e4d2fe0d96"" tokenSymbol: ""MOVR"" value: ""0.01""","hash: ""0x160bc70a0b19aca46aaa8827ad1167664cc611d8177b358021f1191b8a8f8adb"" from: ""0x538bc2c4152a3a6fd4ed6353e9be22f56994539e"" to: ""0x7b397da5bd525aafc131107d47836304d65e446d"" tokenSymbol: ""MOVR"" value: ""0.039709505""","hash: ""0xaafe33939a0edf93ef5afab397825c087acfac8149d30835f2cd2ffff0910527"" from: ""0x107b5dccb860d8af74c12d32a4e1e17783f10442"" to: ""0x78641611300de9319536e9110c38850501e81d65"" tokenSymbol: ""MOVR"" value: ""0.01""","hash: ""0x42fa50d4b82afed789649e04a07d1a5e1ddf92155687801f9f243ff7666cb7c7"" from: ""0xda3605d79bc9e6ddef9bc8166c922cf7fd7c01a0"" to: ""0xda8639ebade510607414fe396e98171280ee86f1"" tokenSymbol: ""MOVR"" value: ""0.01""","hash: ""0x9e40169ab96e56f5fad90046f51b5c10929ba1f49dca5e5930d35b5e19e5908d"" from: ""0xf2795b9fe4570f938b17893d4fa9063d69cc956f"" to: ""0xd2af224464948360da414479703594f8d9d3a684"" tokenSymbol: ""MOVR"" value: ""0.06101924249337264""","hash: ""0xf7bafcea576d61937babaec99086daac4241e46ea4fd8a672f82bd882716c80c"" from: ""0xf9c68d2ba5946b433c6f7695b4b9308aa103a32d"" to: ""0xa1b03896a698e2b5255a21ae5c3f22c14901517c"" tokenSymbol: ""MOVR"" value: ""0.001""","hash: ""0x6d893aab4530caf4cf1d12f0321c909a2b74100d2d64db10124c536980309a21"" from: ""0xf2db638eb69d2eeccb3583e60972ad52861c11a1"" to: ""0xb91e8c6d109802965af67950ec13d7bae8495408"" tokenSymbol: ""MOVR"" value: ""0.001""","hash: ""0x981c540be532b1254b45ce525cf953ec8895c37af450410bc5a82c896a53660a"" from: ""0xfc03b644fc2bd233698cebb899af8c9d7480d502"" to: ""0x5ad7c70ac635b38d1ff1ebd5320374d6182444b0"" tokenSymbol: ""MOVR"" value: ""0.013597261622897825""","hash: ""0x0608be56ea2732275391a33f77075ac795e570014af391e41eb3b88cf5b6e389"" from: ""0x2df2d34eed59556e2929c5b5f1ef765203e9b6a1"" to: ""0xfa462604423a11f0e02fc1d52bd931d38818e2db"" tokenSymbol: ""MOVR"" value: ""0.05"""
"hash: ""0x33d90d89452cc8c61d8f067bd14cff117c90059d2544d36bcb3f286a4b9633d3"" from: ""0x423e36405d5da38675ab8445acb2dfd4ddb050af"" to: ""0xb36186f0d918c85c2d9d31fb2c33f57052c12b94"" tokenSymbol: ""MOVR"" value: ""0.082140692""","hash: ""0x919f30172803b7d1e0e90a000aaa7ad9f979b67d83c51e3bdff975ed39c56354"" from: ""0xaad778b4da1860f8c3aeb05e7ee020a2039c5367"" to: ""0xda14090f30c88244402dca03dacb5aa136fa92cf"" tokenSymbol: ""MOVR"" value: ""0.098688884""","hash: ""0x2680d27c4c6b5b632f6815446cb4bba1ca079608cf57348be9fda76b10b5eccd"" from: ""0x5103b934428b827fe46f9e13a4a4376f1b9571f8"" to: ""0x9b1ee1f9b494ace690bc5661cfbd2e78ef94b46f"" tokenSymbol: ""MOVR"" value: ""0.0932""","hash: ""0xc3f241834268303184dcea033503d018d1dbebbc70176fe63459c7eeabbbe344"" from: ""0x2911c43622e9939b6d1f0f677d92b4bd95acb90f"" to: ""0x5ee7e80e0c2ceb690c567aca7761c7118101c8af"" tokenSymbol: ""MOVR"" value: ""0.1""","hash: ""0x504bf0f3cdbea66a3ca0e692298a3ad091615c56cbd2037928083f9ec36ad735"" from: ""0x7b397da5bd525aafc131107d47836304d65e446d"" to: ""0x14b7cd25f1be37f3ea68d253ab2d37a8ae0c7378"" tokenSymbol: ""MOVR"" value: ""0.3473624125""","hash: ""0xb550423497571603a12568b0d65b500407b6e4b8d7fd0f564ff1b8547ec2f8d9"" from: ""0x107b5dccb860d8af74c12d32a4e1e17783f10442"" to: ""0xc46cf1232a52f911c6f304f7e4a37c3f4faeace7"" tokenSymbol: ""MOVR"" value: ""0.01""","hash: ""0x6fa870b316b48c64afaeecfa5b9d0b31ae9d647fb426425e4a359fff1fa752e1"" from: ""0xda3605d79bc9e6ddef9bc8166c922cf7fd7c01a0"" to: ""0xda8639ebade510607414fe396e98171280ee86f1"" tokenSymbol: ""MOVR"" value: ""4.1""","hash: ""0x03d06f68d6e5174c73e97c7a019ca1a27685d949294b24ed98330c6bcbacabb8"" from: ""0xd2af224464948360da414479703594f8d9d3a684"" to: ""0x7cfb45d33f17ecc8e139da5822c39a009fd963df"" tokenSymbol: ""MOVR"" value: ""0.06096995649337265""","hash: ""0xdabac996051dab6defa2da12f0a9fcc6ebe74365e9461b5fbded9b9667dba3f2"" from: ""0x193f6355dac06e9ecd2b2513942d7a5ddce275d5"" to: ""0x921a5245790e54cf8672009f134022461a974392"" tokenSymbol: ""MOVR"" value: ""0.043712""","hash: ""0xe7733ba4947f2d5b5d1513e8e2065352fd3f264115dc01b9a2dd5a09833456f8"" from: ""0x5995fcff23f84bbb21a922658cfdcb366cf204e9"" to: ""0x2acd347edda6a65554d0c3f40b3afb54f11c0c9c"" tokenSymbol: ""MOVR"" value: ""0.01""","hash: ""0xc5b4e77be16b9c7bb815a8c8130ba88c9f20cc055bb8bffb8d0f2bb4da7e2554"" from: ""0x5ad7c70ac635b38d1ff1ebd5320374d6182444b0"" to: ""0xfc03b644fc2bd233698cebb899af8c9d7480d502"" tokenSymbol: ""MOVR"" value: ""0.013441200622897824""","hash: ""0x6b4df1fc59c57df7038a028d06dd83e1836eea7420b72121ebdede28f018e1a1"" from: ""0xfa462604423a11f0e02fc1d52bd931d38818e2db"" to: ""0x2df2d34eed59556e2929c5b5f1ef765203e9b6a1"" tokenSymbol: ""MOVR"" value: ""0.04503"""
"hash: ""0x3d8a1ccc07e8bf3cb1f2baf1c438cca464cfa7f99ab0e8cf7d97b8ba41da1439"" from: ""0x4fbfa26782426f0726aef9efbf756d1845b98d37"" to: ""0x423e36405d5da38675ab8445acb2dfd4ddb050af"" tokenSymbol: ""MOVR"" value: ""0.082190646""","hash: ""0xe125dce34aaa63645f2cfa72b8dfa956a7e3152188e133733faa14d7f65deb15"" from: ""0x03bd67adee119b12ccc7c463d1e9e9ced9997dde"" to: ""0xd95bf4e0e8a682389be9efbff865cef2a76e5b31"" tokenSymbol: ""MOVR"" value: ""0.099316466""","hash: ""0x8d299f53c038be0e9eb8ad338d0e311f51765e30ddbe067558e560e080e4b403"" from: ""0xb3ce6f6e9e04ede2ffcb0aef66b67fb8229bc49f"" to: ""0x5103b934428b827fe46f9e13a4a4376f1b9571f8"" tokenSymbol: ""MOVR"" value: ""0.0918769825""","hash: ""0x8eaa551e8883a3bc805dc7d5834999fce7907affc748f7d2b6d3a26762117f24"" from: ""0x5ee7e80e0c2ceb690c567aca7761c7118101c8af"" to: ""0x2911c43622e9939b6d1f0f677d92b4bd95acb90f"" tokenSymbol: ""MOVR"" value: ""0.01""","hash: ""0xd79c4b3e1418e7f320e16fea3631db7a7ce3f20f1f0ef8724a4d0693f347f016"" from: ""0xbc40673de7227ef249a32db7a9339aa361083cf9"" to: ""0x7b397da5bd525aafc131107d47836304d65e446d"" tokenSymbol: ""MOVR"" value: ""0.2987248675""","hash: ""0xf509f0bd729d246e1131b4ff58c1407e273f6db23b7711fc24022cb96f95ef12"" from: ""0x107b5dccb860d8af74c12d32a4e1e17783f10442"" to: ""0x2f84fca382b232058ce663d66a483dc82a9eada5"" tokenSymbol: ""MOVR"" value: ""0.01""","hash: ""0x43d26467f5f3b08196efc900615bb9abfe043fa984502cf22b6b3b7381afd301"" from: ""0xda3605d79bc9e6ddef9bc8166c922cf7fd7c01a0"" to: ""0x9f479ae664f0beda22c64e5f48a150a6f85acb77"" tokenSymbol: ""MOVR"" value: ""0.01""","hash: ""0x17cfed1f22d4cd2c4f882e4667f5af75ca8a97df45fad72e84b80dfbd78b931b"" from: ""0x359bbfe98323cdcd6434afdbecceab23f4b795bb"" to: ""0x3f7a2eb50b356410c3768a81b89af425721e0a45"" tokenSymbol: ""MOVR"" value: ""0.056412855493372646""","hash: ""0xe944725065bb2064d7d8e669716af612148f91366d088762b960d6081f85f38e"" from: ""0x921a5245790e54cf8672009f134022461a974392"" to: ""0x889cb44823b35fc53dfc3a8b58a825beb6a737b5"" tokenSymbol: ""MOVR"" value: ""0.04193420526357666""","hash: ""0x301f7b463172e0526bee5ebf25c8de583d3df8b3d3cccab7d6cf3e44933947f9"" from: ""0x5995fcff23f84bbb21a922658cfdcb366cf204e9"" to: ""0xf2db638eb69d2eeccb3583e60972ad52861c11a1"" tokenSymbol: ""MOVR"" value: ""0.03""","hash: ""0xd86cb336d49b483736d2bfd4a2280f16685c617159531e03c44491de2aeb5455"" from: ""0xf151240b6082515cbe0895a06ec31d3a0485a72b"" to: ""0xc5acfb96b15770fe38eecdb3a962c0305f0cd00d"" tokenSymbol: ""MOVR"" value: ""0.010954024654633637""","hash: ""0x0348daf5c07861ffdc682e716d11b97947340f1128d6b87d298d13fb998d730e"" from: ""0xbbbbe1c7054b2e579c7e5b7017d2f86d3ecbefa4"" to: ""0xd145a9ee21534b48261efc37dad1b5d9188bde26"" tokenSymbol: ""MOVR"" value: ""0.503108118"""
"hash: ""0xdaa4dd85d9bfc04e9608a785a907d1c11f4d5c9589946af286658c5a287a3ab6"" from: ""0xb7564c664378f960702093673afe39d908c049eb"" to: ""0x905712052bf45b8f9540a5234e81a3732f59f5cc"" tokenSymbol: ""MOVR"" value: ""0.083133753""","hash: ""0x97294e8342a8a46dd7924bda89b2c2b3ee88f32ac1a50745759eb3be4515e72e"" from: ""0xd95bf4e0e8a682389be9efbff865cef2a76e5b31"" to: ""0x38a1452507d3725d0f42a16151c79c04a8d4fbde"" tokenSymbol: ""MOVR"" value: ""0.099266512""","hash: ""0x2c3f9e7892720f561e319c7ba6a18a19bbec1fc838fc7e6b8b782d02e59bb096"" from: ""0x7aff1baa3c1b82f49191f14de679d7f8bf5be34c"" to: ""0x9eb513dbe03949aff60d0313fed742dc454cc406"" tokenSymbol: ""MOVR"" value: ""0.0984""","hash: ""0x32adea2a0a746f6be420efb6bc996cd8ba16a70d1f925802a039ea837b529187"" from: ""0x2911c43622e9939b6d1f0f677d92b4bd95acb90f"" to: ""0x5ee7e80e0c2ceb690c567aca7761c7118101c8af"" tokenSymbol: ""MOVR"" value: ""0.01""","hash: ""0x57a3d83820762877248962bc049478bcb39d67c4875745f0435865608bda554e"" from: ""0x38a9ec40b50c1cbf749d6e8b5f9e74c335f0425b"" to: ""0x7b397da5bd525aafc131107d47836304d65e446d"" tokenSymbol: ""MOVR"" value: ""0.29538092875""","hash: ""0x1f903a7369791862843f14b58c62119f09d461af274f2df423af43dab4a135fe"" from: ""0x107b5dccb860d8af74c12d32a4e1e17783f10442"" to: ""0xca00153fd03a5df873ab637883e970c22dfecfed"" tokenSymbol: ""MOVR"" value: ""0.01""","hash: ""0xc993cc4260c8f773683f533bfcf89398bdfbc458cb34379a9c34ddd9f39441f9"" from: ""0xda3605d79bc9e6ddef9bc8166c922cf7fd7c01a0"" to: ""0xceed5de12428369816cd22d1ba71463fc4c4c73e"" tokenSymbol: ""MOVR"" value: ""0.01""","hash: ""0x3d8305d53f86378af805aa5254246c782e24a027647fb4020ed65c2d890ab772"" from: ""0x3f7a2eb50b356410c3768a81b89af425721e0a45"" to: ""0x6acca84d948fca2e81f1a46ba59fd45131530248"" tokenSymbol: ""MOVR"" value: ""0.05625679449337265""","hash: ""0xb293d7a68cd79baeae113e20431d55baf060023dc137e0c41bded44edf54f90f"" from: ""0x193f6355dac06e9ecd2b2513942d7a5ddce275d5"" to: ""0x921a5245790e54cf8672009f134022461a974392"" tokenSymbol: ""MOVR"" value: ""0.03860094""","hash: ""0xe7cbbff2b6493a8964cefb672586375cdbd0e34e6b2bd661b17ef4dd0944ff1d"" from: ""0x5995fcff23f84bbb21a922658cfdcb366cf204e9"" to: ""0x3fa0817839e94b4f851b84bcdd67866b333f78fa"" tokenSymbol: ""MOVR"" value: ""0.02""","hash: ""0x1151aaf7e4de291af4f8b817ab76673dac8ab3ada548fc2ae03c703e47de8b21"" from: ""0xc5acfb96b15770fe38eecdb3a962c0305f0cd00d"" to: ""0xfc03b644fc2bd233698cebb899af8c9d7480d502"" tokenSymbol: ""MOVR"" value: ""0.010797963654633636""","hash: ""0xecd7612b60adb715566714cfdd5d46cd208d69b4b81a7509715b0f282860f7a0"" from: ""0xd145a9ee21534b48261efc37dad1b5d9188bde26"" to: ""0xb8974789c5a2d734c722b42747a44e2116f7a0f3"" tokenSymbol: ""MOVR"" value: ""0.503026822"""
"hash: ""0xe1d5dde22b5d0e9fcaa04f918fde85fc357968d9b0ce14018714b600f00d6acd"" from: ""0x905712052bf45b8f9540a5234e81a3732f59f5cc"" to: ""0x7cadc114c73d659a17f96552bc3961ecc2f5d6ab"" tokenSymbol: ""MOVR"" value: ""0.083084455""","hash: ""0x922721c7414188475725eaf2c7d1621b8ce693cdfcdd508307811a36c9ca44d0"" from: ""0xda14090f30c88244402dca03dacb5aa136fa92cf"" to: ""0xae4991f2e7c5e1a410a9767aa8e031ceff3dde17"" tokenSymbol: ""MOVR"" value: ""0.098639586""","hash: ""0xb6e090aefe16728e2d0ab152d57b77f61418066b8794c7ac56d90de3af9b708d"" from: ""0x9eb513dbe03949aff60d0313fed742dc454cc406"" to: ""0xb9f5c0eff922195c7bc8dab6c0e93b44f1e40044"" tokenSymbol: ""MOVR"" value: ""0.0983""","hash: ""0xcc767708c1f13e8e6f76fcb5fcaba1f806fe58b4772f0cbe78e51bb60aa03ec5"" from: ""0x8c2e4c5f20b0a0cce314aad725a390e254577bd0"" to: ""0x6833c9040bcff71c3d7f8f3e84d3ae4f654f9b86"" tokenSymbol: ""MOVR"" value: ""0.000591554404334""","hash: ""0x4005c587f1e1cb337ced2cb3ef83097a33dc8ab8f7571eeb7f2a497030ff566f"" from: ""0xbc40673de7227ef249a32db7a9339aa361083cf9"" to: ""0x45c6364d789452eead53ddc0ebcb540622aaf77b"" tokenSymbol: ""MOVR"" value: ""0.2982508075""","hash: ""0xbab47bd23c032db6e5a62ba59f72665a6b5e843d60ebd9327d226a7058b582b1"" from: ""0x107b5dccb860d8af74c12d32a4e1e17783f10442"" to: ""0xe5ef8212e86e6fe85b8b02ef5e119bff29ffd3d5"" tokenSymbol: ""MOVR"" value: ""0.01""","hash: ""0x59d3846036946cf6ffcbc3c23fa4bd266ef3522ce2f90484a6c692238e326f4a"" from: ""0xda3605d79bc9e6ddef9bc8166c922cf7fd7c01a0"" to: ""0x23db1258b7e83dee9120190cb452d621f4e29085"" tokenSymbol: ""MOVR"" value: ""0.01""","hash: ""0x96930515d44a1d62d0d5689927cad46cc186d76500e6857493f28060c4f76c4e"" from: ""0x984a3fcff86abc617fe99226088ea1a6dd2cc28c"" to: ""0x9f2992fbe98ad9dc23f0c8322d761e8a6eeeb416"" tokenSymbol: ""MOVR"" value: ""0.003""","hash: ""0x798c9268b1f16e91d037180b01494166bf1f9ed5530483b7d9f4409e539617de"" from: ""0xf9c68d2ba5946b433c6f7695b4b9308aa103a32d"" to: ""0x94443aed6c67c4201e7eb46ade63d5cc40eb7fb9"" tokenSymbol: ""MOVR"" value: ""0.1""","hash: ""0x2602577e011d3a00581e5537945cb7e3494a8c13e7b95515e23d3e8c2cd5d2ce"" from: ""0x5995fcff23f84bbb21a922658cfdcb366cf204e9"" to: ""0x5ae5d39b39e4a8d35550743001cf9cb350db2a0d"" tokenSymbol: ""MOVR"" value: ""0.01""","hash: ""0xf0fd0ed157a6610693b93f75ac53998b7704c12e20de46b053ce74e10cb07028"" from: ""0xf151240b6082515cbe0895a06ec31d3a0485a72b"" to: ""0xc5acfb96b15770fe38eecdb3a962c0305f0cd00d"" tokenSymbol: ""MOVR"" value: ""0.020788109622897823""","hash: ""0x7116ad9257a2a0eca1ea70252fbca52dfeca2c2e79ace01f2be1476117e77c96"" from: ""0xb8974789c5a2d734c722b42747a44e2116f7a0f3"" to: ""0x4db164a19d5413d985f294c132a31d36b6a35d10"" tokenSymbol: ""MOVR"" value: ""0.502945526"""
"hash: ""0xc0f9ae649db3af86b6e6a514bb6ae582e3515cddc253ad6ea156d3f18bc039c2"" from: ""0x1f7e41ee56b85fbdde5708dbee70c54592fc5feb"" to: ""0x4fbfa26782426f0726aef9efbf756d1845b98d37"" tokenSymbol: ""MOVR"" value: ""0.082456457""","hash: ""0x85e21f262e96ce3b5b1c284e7839290bfa1122a713dfb116fc3ab1f90f5b96b4"" from: ""0xae4991f2e7c5e1a410a9767aa8e031ceff3dde17"" to: ""0x313b960672ea47e2f16d14dfb5d29356b9040f2a"" tokenSymbol: ""MOVR"" value: ""0.098375099""","hash: ""0x865c53e4d416e66aebcd3d2292d62cb5bb7fcc469f3147cc1d56c5f69142648d"" from: ""0xb9f5c0eff922195c7bc8dab6c0e93b44f1e40044"" to: ""0x9eb513dbe03949aff60d0313fed742dc454cc406"" tokenSymbol: ""MOVR"" value: ""0.098""","hash: ""0x1a8e1ef8e7a56c27a39f8d01ce356a6d664048d1357766f89f2a36c382c7d8dd"" from: ""0x0b60e20d5c85b8bef8a2549978c520cb48c89662"" to: ""0x4cb780fd3286f2d10199b61423d1c804bd2a5d2b"" tokenSymbol: ""MOVR"" value: ""0.02921770282824608""","hash: ""0xc997ca03d6d4147af455f85d868a1f2d921c77ef50f0b00c98c0f40245f42f9a"" from: ""0x0f7543accbe4980d8a97f94d4c4a2830ddb544d7"" to: ""0x69675e5ebae37337d77759ebaa9ae110a22ecbd3"" tokenSymbol: ""MOVR"" value: ""0.044121865""","hash: ""0x70889bb39bd8c184a5d4041417b9a3a70a9554dae06e888b8f55c7ba54429f1c"" from: ""0x107b5dccb860d8af74c12d32a4e1e17783f10442"" to: ""0x2577c5976cd6eea4f83c4abeefdb9c8a5e874f46"" tokenSymbol: ""MOVR"" value: ""0.01""","hash: ""0x783dbda05b6d3d59a7b882bdc5f055ff8c710f80d3eb4f7cf4ed7321dec9b111"" from: ""0xda3605d79bc9e6ddef9bc8166c922cf7fd7c01a0"" to: ""0x23db1258b7e83dee9120190cb452d621f4e29085"" tokenSymbol: ""MOVR"" value: ""0.01""","hash: ""0x0dd89761b50076de94d4f4b129bdbfc7759aecc3977b4fd48c79fb5c432ce22a"" from: ""0x9f2992fbe98ad9dc23f0c8322d761e8a6eeeb416"" to: ""0x6b44733ad66a69f21101dfef67564abe42e843db"" tokenSymbol: ""MOVR"" value: ""0.002965179""","hash: ""0xde9d26378a6c95141067d097d5f49a3b30fe1ccb0ee81bc819dacc1f2c9a00e8"" from: ""0xf9c68d2ba5946b433c6f7695b4b9308aa103a32d"" to: ""0x9267821374562fda4ac8d29ffc3a0d465abe005a"" tokenSymbol: ""MOVR"" value: ""0.02""","hash: ""0x2e0db386fb0827d3c909d3b75b34fba35901015d2072f53138f6242e4f9d7ea0"" from: ""0x5995fcff23f84bbb21a922658cfdcb366cf204e9"" to: ""0x4b2fcb7aecde88f8261627315e201300bd006901"" tokenSymbol: ""MOVR"" value: ""0.01""","hash: ""0x79467d371f040948fd38f9aa10ec9bbaff159287ddef6350c97ee5da7a37eac0"" from: ""0xc5acfb96b15770fe38eecdb3a962c0305f0cd00d"" to: ""0xfc03b644fc2bd233698cebb899af8c9d7480d502"" tokenSymbol: ""MOVR"" value: ""0.017193013622897824""","hash: ""0x719715fb790af237398f59de6248bf0f6eeb7e8a5c6f3bf720359de96b74bcd0"" from: ""0x4db164a19d5413d985f294c132a31d36b6a35d10"" to: ""0xdd54714b3c388927aec6d9134621e35498e189d4"" tokenSymbol: ""MOVR"" value: ""0.50286423"""
"hash: ""0x002719bf97b00ab0ceb86c9e817c8752b432aa720619485bf309c3e5b7c01c1a"" from: ""0xc0814450fcacb5e2f4e795b79f439f30ff341c5f"" to: ""0xaa4d566ad2869ee214bfdb9a869c5b567db6a8db"" tokenSymbol: ""MOVR"" value: ""0.081198669""","hash: ""0x9c61e6d558180fef38b0d26327490ae5f3a0f4cac47d17f1433b5063f2829690"" from: ""0x313b960672ea47e2f16d14dfb5d29356b9040f2a"" to: ""0x6f901fc9e41ec98afa2a6adb45b8e56d26cfe750"" tokenSymbol: ""MOVR"" value: ""0.098326457""","hash: ""0xb043267e93a3a9d64171ef1530d7ccf8aa054c3a777b5dc1505e0f3802edf01b"" from: ""0x9eb513dbe03949aff60d0313fed742dc454cc406"" to: ""0xb9f5c0eff922195c7bc8dab6c0e93b44f1e40044"" tokenSymbol: ""MOVR"" value: ""0.09756897""","hash: ""0x4abbe5ba75afa920fff597774e7f1332ae38b3af7701a6666782788ec1ea7c0d"" from: ""0x2911c43622e9939b6d1f0f677d92b4bd95acb90f"" to: ""0xf8881daa588563a25f07d49fef3b989dcec765b9"" tokenSymbol: ""MOVR"" value: ""0.012""","hash: ""0xa4552604797966217203fd960f19c5ed52ae902321c761485c7b315f7602108c"" from: ""0x69675e5ebae37337d77759ebaa9ae110a22ecbd3"" to: ""0xf67a5363a5baa5cbc2aa15426210990cc0da71f8"" tokenSymbol: ""MOVR"" value: ""0.0434842475""",,"hash: ""0x9643da0ace320e56f4eb547ff6e50646a83de3a298b55e93d5dae1b073311372"" from: ""0xda3605d79bc9e6ddef9bc8166c922cf7fd7c01a0"" to: ""0xbeb4d273c61cae9fb0d39ebd3cd6703d09292530"" tokenSymbol: ""MOVR"" value: ""0.01""","hash: ""0x7c47240a954c45ca4409a24ad9b50fcc00ab3ea716c5bd0a9a437463efa24f74"" from: ""0x984a3fcff86abc617fe99226088ea1a6dd2cc28c"" to: ""0x9bd7e2793639270ad694a0a540965b4593595e6c"" tokenSymbol: ""MOVR"" value: ""0.003""","hash: ""0xddac0cec82524995832d6e76130e8dba91643e51ffcdd7f6eee93dda35616fd9"" from: ""0xf9c68d2ba5946b433c6f7695b4b9308aa103a32d"" to: ""0x724b5728e927f58e356cda73872a6704e6bdb03d"" tokenSymbol: ""MOVR"" value: ""0.02""",,"hash: ""0x392d8014c253644effe7ea86bdc08db974fea42669ba2d94b027d88648b35f1c"" from: ""0x3822ef2affb4c5241512a7487062ec505dd2e525"" to: ""0xb891d133e2cd3adfbb2796ac66746953d04a3025"" tokenSymbol: ""MOVR"" value: ""0.010485841654633636""","hash: ""0x46d334bd23eaed8541582b809a075a824ab300cd818e34756baf1629295c7e23"" from: ""0x2df2d34eed59556e2929c5b5f1ef765203e9b6a1"" to: ""0x543af3018cfa6f325adc8a338268c5ac537de11f"" tokenSymbol: ""MOVR"" value: ""0.503352"""
"hash: ""0xda2461ab2f22cdad842fc504bc3a8116372a93ebc294353beaccd7c298f06508"" from: ""0x05096a104f21c18051be1d004ae6ddce931a0f5e"" to: ""0x240d5a7de097f1894993abd0b97721a022ed7af6"" tokenSymbol: ""MOVR"" value: ""0.08151181""","hash: ""0xa34819fd39ce187e738812bfcda803b9ce6e0940d0df3b05d2e571a78f7460f8"" from: ""0x38a1452507d3725d0f42a16151c79c04a8d4fbde"" to: ""0x3f0c468a4656432fbcc65794894c766f919aeffd"" tokenSymbol: ""MOVR"" value: ""0.099002025""","hash: ""0x7655e7c0018063f286e2f2b316add13fd78059569a4d9c5e81f2ffb7e2d921c9"" from: ""0x99986d5a0ee679e239f43456b260e4c30cb5dff5"" to: ""0x7aff1baa3c1b82f49191f14de679d7f8bf5be34c"" tokenSymbol: ""MOVR"" value: ""0.099""","hash: ""0x3917f7a39790190c3c535198eb953697dcf1d899eca29256dbaf3dd3ad219f26"" from: ""0x119460ecc4c538a02307e5d4f687bb83eddc5cf9"" to: ""0x6833c9040bcff71c3d7f8f3e84d3ae4f654f9b86"" tokenSymbol: ""MOVR"" value: ""0.0079""","hash: ""0x66e12c3c707ceff02c4f1047ec425afc2f29f52c258a14f5dc40e0f791b19409"" from: ""0x82575ae22d638cfd895959d7909fd6fd368b9670"" to: ""0x4281d296855cdd1bb6aa649277085516ad2b981f"" tokenSymbol: ""MOVR"" value: ""0.0453970675""",,"hash: ""0x07934370710f1655af975acd049d2664a41f66ed5e8ca53c214d24a7dccb3489"" from: ""0xda3605d79bc9e6ddef9bc8166c922cf7fd7c01a0"" to: ""0x8b0a234b06c1472b39035d9449fab5dc1ff93c8d"" tokenSymbol: ""MOVR"" value: ""0.01""","hash: ""0xc3205c354eb88659b23e9645796c3f1d84ac537b1de5d940395d6665a180681d"" from: ""0x9bd7e2793639270ad694a0a540965b4593595e6c"" to: ""0xb95f79c0b8e82a9c317de22a1113459fd91d2ebe"" tokenSymbol: ""MOVR"" value: ""0.002965179""","hash: ""0x3d87e6e3deb9fb8d0eac98803ee458431fd434e58ce792d37d9f4fe766fcb93a"" from: ""0xf9c68d2ba5946b433c6f7695b4b9308aa103a32d"" to: ""0x889cb44823b35fc53dfc3a8b58a825beb6a737b5"" tokenSymbol: ""MOVR"" value: ""0.05""",,"hash: ""0x84fe64994887e61fbeab1e0893e4a6650821093dda2e0a2dc5a480ccacd276c0"" from: ""0xb891d133e2cd3adfbb2796ac66746953d04a3025"" to: ""0x721c7fffe9ac426a028e616677811f755fa99eba"" tokenSymbol: ""MOVR"" value: ""0.010329780654633637""","hash: ""0xdbd4511aa68cec2eaa7654cf25be83dc50c69d8ad56b9b35dae6145c2e286ba9"" from: ""0xd0cd7b6370c1939f84a0f47417f92f2112d99043"" to: ""0x2df2d34eed59556e2929c5b5f1ef765203e9b6a1"" tokenSymbol: ""MOVR"" value: ""0.502501475"""
"hash: ""0x22f8b93096ee50d6395c653ae97df6a2cc3e4dc3ebd134febdddbacc929fbedf"" from: ""0x240d5a7de097f1894993abd0b97721a022ed7af6"" to: ""0xc0814450fcacb5e2f4e795b79f439f30ff341c5f"" tokenSymbol: ""MOVR"" value: ""0.081247311""",,"hash: ""0x9aed2c80f4a0442328f5668e4550fb8a1790e29959d32eff8e27d7a363b65a47"" from: ""0xb9f5c0eff922195c7bc8dab6c0e93b44f1e40044"" to: ""0x989684a6bb7bc4781ab95f4c5eda48ea06401d8e"" tokenSymbol: ""MOVR"" value: ""0.09720751""","hash: ""0xa71b26a3c75f0ce7061fd979572b411bbba35a1b6f81bbeab7d9d5961daa9a22"" from: ""0x2911c43622e9939b6d1f0f677d92b4bd95acb90f"" to: ""0x6833c9040bcff71c3d7f8f3e84d3ae4f654f9b86"" tokenSymbol: ""MOVR"" value: ""0.026198113""","hash: ""0x5b307213a2be00f19f9fbb8481624718d78d52b43c40816e63b3768b4823f9e5"" from: ""0x4281d296855cdd1bb6aa649277085516ad2b981f"" to: ""0x0f7543accbe4980d8a97f94d4c4a2830ddb544d7"" tokenSymbol: ""MOVR"" value: ""0.0447594575""",,"hash: ""0xb7f62fa472f5802fc380d5895b01427a315eb153e9f3f74c3903dd81d766c838"" from: ""0xda3605d79bc9e6ddef9bc8166c922cf7fd7c01a0"" to: ""0x124ee858516114b5bc10e15a7da832fb87287af3"" tokenSymbol: ""MOVR"" value: ""0.01""","hash: ""0xd78d18103677c22148b4837481c533c0d7e4ea4e25f9945dfb4bcfb013bbac86"" from: ""0x984a3fcff86abc617fe99226088ea1a6dd2cc28c"" to: ""0x8fe4f29eb2fc7168a139af45df409ceb0ed48b87"" tokenSymbol: ""MOVR"" value: ""0.003""","hash: ""0x314c50acdea884382a66e741297dfaad59ccece301d6672fd428efe5d6f57ffd"" from: ""0xf9c68d2ba5946b433c6f7695b4b9308aa103a32d"" to: ""0x86d87900cbc806cad9508bff9ba7f1a2f90f1ea8"" tokenSymbol: ""MOVR"" value: ""0.1""",,"hash: ""0x58e8e49e8d04731318e8e4e62fbc63252c07ad3f0059ab488e986e09ce7714d2"" from: ""0x3822ef2affb4c5241512a7487062ec505dd2e525"" to: ""0xb891d133e2cd3adfbb2796ac66746953d04a3025"" tokenSymbol: ""MOVR"" value: ""0.009824391022897824""","hash: ""0x17bfc2a0572d483108ca18b1681cf8b3109660cbb93b58229f08f38b4e0bd397"" from: ""0x2df2d34eed59556e2929c5b5f1ef765203e9b6a1"" to: ""0x543af3018cfa6f325adc8a338268c5ac537de11f"" tokenSymbol: ""MOVR"" value: ""0.051526"""
"hash: ""0x6888e27ca15773dd1c326b7a938290d3248f830f38582a2a12e6148d8dd573d5"" from: ""0x65dc6cff37b6b90c0637638fec172e19781f208d"" to: ""0xb7564c664378f960702093673afe39d908c049eb"" tokenSymbol: ""MOVR"" value: ""0.083398192""",,"hash: ""0x97bb89b6dd539bdc17d1b0d05424ae1529b53d0705c5d4e139055951081c6557"" from: ""0x989684a6bb7bc4781ab95f4c5eda48ea06401d8e"" to: ""0xb9f5c0eff922195c7bc8dab6c0e93b44f1e40044"" tokenSymbol: ""MOVR"" value: ""0.05703512""","hash: ""0x716ad564599ef5eac7feb28234a32c9481509adcd1bad0442b33fe58ddef0d3a"" from: ""0xc24a95e478a06e66ec96d54a2a92c1ddc7d10b11"" to: ""0x6833c9040bcff71c3d7f8f3e84d3ae4f654f9b86"" tokenSymbol: ""MOVR"" value: ""0.0133541515""","hash: ""0x4e60cceebb521913d5758d3a312cb0ae420bce021239c14581a740041e0d5b09"" from: ""0x14b7cd25f1be37f3ea68d253ab2d37a8ae0c7378"" to: ""0x1b24f8e677438651f6e8b5c5883f7f90c264b7f6"" tokenSymbol: ""MOVR"" value: ""0.046672325""",,"hash: ""0xc8fcf8fd856e9fbad7e85340903d0c32db46097725599b9e6cc1c7ab44e38ece"" from: ""0xda3605d79bc9e6ddef9bc8166c922cf7fd7c01a0"" to: ""0xe3b8681778882bdd121b51eada0de2b9088398df"" tokenSymbol: ""MOVR"" value: ""0.01""","hash: ""0x23719d570838ab0b33178b9b3a6cdd5d75aa9395e2a723944e05fdd723fd7ab7"" from: ""0x8fe4f29eb2fc7168a139af45df409ceb0ed48b87"" to: ""0x6b44733ad66a69f21101dfef67564abe42e843db"" tokenSymbol: ""MOVR"" value: ""0.002964523""","hash: ""0xe5319dd5729e886fe74d905e212aeb1e8314376dea87ccf8a68e0d78b32c81c1"" from: ""0xf9c68d2ba5946b433c6f7695b4b9308aa103a32d"" to: ""0x64c8adbbe2ae94c57c9691c3c6546337940fe024"" tokenSymbol: ""MOVR"" value: ""0.0005""",,"hash: ""0x0b20cbb1e2706a0dcc75d48eed25d14265734ce11818adb1c30d1d52b1f75799"" from: ""0x2cfc3058f6a80b178716a26dad6769d44d9942c7"" to: ""0xff88d7f9521b48aab1b70a931ba5d6837bdc31d7"" tokenSymbol: ""MOVR"" value: ""0.03159576722289782""","hash: ""0xd7648c6ec5ca14501720bbbe9e86f39e9323e7dbbe50746c7df0eb87e31e2348"" from: ""0x543af3018cfa6f325adc8a338268c5ac537de11f"" to: ""0x2df2d34eed59556e2929c5b5f1ef765203e9b6a1"" tokenSymbol: ""MOVR"" value: ""0.045506"""
"hash: ""0x67c50f6fa264e3271c2c18b6b13752d29950f3002e682a6cd884f75fc530fb06"" from: ""0x7cadc114c73d659a17f96552bc3961ecc2f5d6ab"" to: ""0xfd6011b842841e1d21af5e2f916d1c655e84cf60"" tokenSymbol: ""MOVR"" value: ""0.08281998""",,"hash: ""0x687cc956f622e26f85c2637832485bd970a61f707f1cb16300ac05cacc92e8d3"" from: ""0xb9f5c0eff922195c7bc8dab6c0e93b44f1e40044"" to: ""0x989684a6bb7bc4781ab95f4c5eda48ea06401d8e"" tokenSymbol: ""MOVR"" value: ""0.0569""",,"hash: ""0x3e5618cd12df053a1e521a315680db042b3aef4e52fc4702c0c1f13e9c1968ad"" from: ""0x1b24f8e677438651f6e8b5c5883f7f90c264b7f6"" to: ""0x82575ae22d638cfd895959d7909fd6fd368b9670"" tokenSymbol: ""MOVR"" value: ""0.0460347075""",,"hash: ""0x42a4b1bd04b20198edae25fdfafe4fcccebc7f36081bfbb38f0c3de796bb7d2f"" from: ""0xda3605d79bc9e6ddef9bc8166c922cf7fd7c01a0"" to: ""0xa8bfcda34550ecb5009813b1ca828e85e7cf8edf"" tokenSymbol: ""MOVR"" value: ""0.01""","hash: ""0x37ffbdadefaf838db0dbe3065e41aabaa9e3d045ab9b89a397aa478cb74485a1"" from: ""0x4b47dac90541190834883bd2f19f426dc2e14dcf"" to: ""0xfff542722f8160625a861106d0df6c84440c8fca"" tokenSymbol: ""MOVR"" value: ""0.05561912149337264""","hash: ""0x03b61260b7e0ca74e2fe2ebd1a20c7bac0d717c15eb6a1c74cd2ddf1e6d587c6"" from: ""0xf9c68d2ba5946b433c6f7695b4b9308aa103a32d"" to: ""0x9237b34a85ab33b5485ba760b496c53945114ccd"" tokenSymbol: ""MOVR"" value: ""0.002""",,"hash: ""0xd05c6b32a661286f0fe526edd801e4217105ed517ba24a6e00bac63604ef8385"" from: ""0xff88d7f9521b48aab1b70a931ba5d6837bdc31d7"" to: ""0xbf1388b119e5c6cb8e640dd58b7813577a451135"" tokenSymbol: ""MOVR"" value: ""0.028000613622897824""",
"hash: ""0xeedc721287fe4b615b8f470bd8e0b0d04793387dc21ddc54fd379eefc56c23c9"" from: ""0xfd6011b842841e1d21af5e2f916d1c655e84cf60"" to: ""0x2e2b60962738d2ee0007cf2c4df2a592bb527149"" tokenSymbol: ""MOVR"" value: ""0.082770038""",,"hash: ""0x8c7e8456c39ddeb5dd1d7e6d68b3f44625e737145f53cd16e383f39d97aebc40"" from: ""0x9b1ee1f9b494ace690bc5661cfbd2e78ef94b46f"" to: ""0xb3ce6f6e9e04ede2ffcb0aef66b67fb8229bc49f"" tokenSymbol: ""MOVR"" value: ""0.09228611""",,"hash: ""0x6ce151e5891622b7af47462ef1dbb45bd6cf43e5eac13d039249d331a4c828dd"" from: ""0x390fce1cc23f8c212d876796b648d6897e524ada"" to: ""0x7cf71914779d76f01f50421481b681a15adca4fa"" tokenSymbol: ""MOVR"" value: ""0.297432815""",,"hash: ""0xf664026b5d577d142fbe94ee338266e171532088ea2065e2f86152e1de56c2bb"" from: ""0xda3605d79bc9e6ddef9bc8166c922cf7fd7c01a0"" to: ""0x3c7d5bb537abae440e0abe552342f422a4b1e6c1"" tokenSymbol: ""MOVR"" value: ""0.55""","hash: ""0xe49aa205e0c99a6151b1c13107c9058f54892ea451a0073b76b3d6b057cd6cbf"" from: ""0xfff542722f8160625a861106d0df6c84440c8fca"" to: ""0x4b47dac90541190834883bd2f19f426dc2e14dcf"" tokenSymbol: ""MOVR"" value: ""0.05559746549337265""","hash: ""0x0a0ce83bbf18ebad0f7ef1f5c26d11b8a0bd4e74879c1fc5df930390e24a5a50"" from: ""0xf9c68d2ba5946b433c6f7695b4b9308aa103a32d"" to: ""0x96dea9ffeb2b5fd18b39cee640d7a758f97e5e61"" tokenSymbol: ""MOVR"" value: ""0.001""",,"hash: ""0xcc58f686e281c151753975328a0941d5769aa348dce13c66b387ecd746fddb40"" from: ""0xbf1388b119e5c6cb8e640dd58b7813577a451135"" to: ""0xf151240b6082515cbe0895a06ec31d3a0485a72b"" tokenSymbol: ""MOVR"" value: ""0.024383804022897825""",
"hash: ""0x4a111b94ad61467e5f63c3435dfd1576c8f7d990b130f30ce36685946d43a3cf"" from: ""0x2f8a75e0a73e5f3de49e749deb802aa3e84ad378"" to: ""0x0ea00e4bba682b9d1f61b363b6ed15dcd3d8764c"" tokenSymbol: ""MOVR"" value: ""0.083711965""",,"hash: ""0x42b7952610675e1e0547dd51bf19e5cd700d28bbc8e8ead61a4d123fa470e339"" from: ""0x08f49b73e8b4f222fba2b7ba2ddfbd1cd38666b7"" to: ""0x99986d5a0ee679e239f43456b260e4c30cb5dff5"" tokenSymbol: ""MOVR"" value: ""0.1""",,"hash: ""0x8d53135b0f17fbd306249d8a6992dd0ad38c2aa5f69840d280c68ae321ba59e5"" from: ""0x7cf71914779d76f01f50421481b681a15adca4fa"" to: ""0x5a166573c84d5a9e910cd08bec432d2333bec707"" tokenSymbol: ""MOVR"" value: ""0.29701688875""",,"hash: ""0x427918e580867dd6077bcab22e4fdd9b13dd45618db653941b3b747f13becdbd"" from: ""0xda3605d79bc9e6ddef9bc8166c922cf7fd7c01a0"" to: ""0x9f479ae664f0beda22c64e5f48a150a6f85acb77"" tokenSymbol: ""MOVR"" value: ""0.2""","hash: ""0xa2ec49185ed977a71e6f32c382075489d40b743bd582593de0c50b737d159cd8"" from: ""0x4b47dac90541190834883bd2f19f426dc2e14dcf"" to: ""0xfff542722f8160625a861106d0df6c84440c8fca"" tokenSymbol: ""MOVR"" value: ""0.055548167493372644""","hash: ""0x627c2b16a3ed7c12ffe6aa40a6247ebbaffd64f156a325760e64e061c75de9e7"" from: ""0x889cb44823b35fc53dfc3a8b58a825beb6a737b5"" to: ""0x966e96091df6ce838aa4943e5367d0a5beb10781"" tokenSymbol: ""MOVR"" value: ""0.04937999701249878""",,"hash: ""0x4f457280bdb3cf2bb4d895485b6a157a4eb077323ec14f984df4769847619c6c"" from: ""0x721c7fffe9ac426a028e616677811f755fa99eba"" to: ""0x2cfc3058f6a80b178716a26dad6769d44d9942c7"" tokenSymbol: ""MOVR"" value: ""0.011131741654633638""",
"hash: ""0x8db2609b4b681aea8036d6d6202812b776074901826d85a040bf85a4f59fb11b"" from: ""0x0ea00e4bba682b9d1f61b363b6ed15dcd3d8764c"" to: ""0x65dc6cff37b6b90c0637638fec172e19781f208d"" tokenSymbol: ""MOVR"" value: ""0.08344749""",,,,"hash: ""0x14f3a3143d84522d95ca3e4251764903681974fb168c685ec94e8ea417ebc453"" from: ""0x45c6364d789452eead53ddc0ebcb540622aaf77b"" to: ""0x390fce1cc23f8c212d876796b648d6897e524ada"" tokenSymbol: ""MOVR"" value: ""0.2978418225""",,"hash: ""0xb91039847b7a6a55f5adbb3b0e88c28821bf2bbf424ae4d7be9fd34b0ee205f0"" from: ""0xda3605d79bc9e6ddef9bc8166c922cf7fd7c01a0"" to: ""0xceed5de12428369816cd22d1ba71463fc4c4c73e"" tokenSymbol: ""MOVR"" value: ""0.2""","hash: ""0x3b1e6a8512aca82d14cec0b875f6aed560d19497396809db34a037309571ad26"" from: ""0xfff542722f8160625a861106d0df6c84440c8fca"" to: ""0x6b44733ad66a69f21101dfef67564abe42e843db"" tokenSymbol: ""MOVR"" value: ""0.055392106493372645""","hash: ""0xaa93c04cad8e8e2dc182181559b2cb8c3be96254550a2b948b082d183611c208"" from: ""0x889cb44823b35fc53dfc3a8b58a825beb6a737b5"" to: ""0x966e96091df6ce838aa4943e5367d0a5beb10781"" tokenSymbol: ""MOVR"" value: ""0.04154476""",,"hash: ""0x3b3f7e48c6e18133ce9b464d1c1cca2808b396bcd67abfc64787ab36924acbf7"" from: ""0x2cfc3058f6a80b178716a26dad6769d44d9942c7"" to: ""0xf151240b6082515cbe0895a06ec31d3a0485a72b"" tokenSymbol: ""MOVR"" value: ""0.011110085654633638""",
"hash: ""0x09866436d435e6ead704c7ca7eb0a364f4297d8447f1104c0478a6129f8c6836"" from: ""0x2e2b60962738d2ee0007cf2c4df2a592bb527149"" to: ""0x1f7e41ee56b85fbdde5708dbee70c54592fc5feb"" tokenSymbol: ""MOVR"" value: ""0.082505755""",,,,"hash: ""0xa2a7b564143ff2b02cf5e45fd1e0eaa2c46ee2f79f6491cd2b48b7b7ff3cdf38"" from: ""0x81c36ea4be160fa742431a4196b577c03936ae0e"" to: ""0x38a9ec40b50c1cbf749d6e8b5f9e74c335f0425b"" tokenSymbol: ""MOVR"" value: ""0.29578986625""",,"hash: ""0xcf355c912ce6af55afc05d9a489f34dc55a280eb8dd1e7475f264364d38de39e"" from: ""0xceed5de12428369816cd22d1ba71463fc4c4c73e"" to: ""0xda3605d79bc9e6ddef9bc8166c922cf7fd7c01a0"" tokenSymbol: ""MOVR"" value: ""7.0""","hash: ""0x5ee8fa5684d3bfb6c6af9525d13a30a4988b3ddb86de89c5b174bbd6d717e634"" from: ""0x65a3916d25e5dfb664bb91a40bde4ea00dd9aa8b"" to: ""0x529d49e77c7c1f04be3b069252690491cf460851"" tokenSymbol: ""MOVR"" value: ""0.058226680493372644""","hash: ""0x6d1dfe237a851aea5d0e752bac5d40b81cbdae7e85c42a065995e8590572f11b"" from: ""0xfe9a5d062c59b478469e29ecdea3bf0651d25c43"" to: ""0x889cb44823b35fc53dfc3a8b58a825beb6a737b5"" tokenSymbol: ""MOVR"" value: ""0.039""",,"hash: ""0x0fb097873f373dded3ccfdbe95667f38067ced91b2a6bd4f4187639c164fa392"" from: ""0x721c7fffe9ac426a028e616677811f755fa99eba"" to: ""0x2cfc3058f6a80b178716a26dad6769d44d9942c7"" tokenSymbol: ""MOVR"" value: ""0.035190978422897826""",
,,,,"hash: ""0x7bdbdd2d63a2b87c62cd4d5c3e8d7b6aca428543d272c8019580872461c7a18c"" from: ""0xb6b89fb2c95ee0903f57a8fd9721f6a705ddcf3c"" to: ""0x81c36ea4be160fa742431a4196b577c03936ae0e"" tokenSymbol: ""MOVR"" value: ""0.29619887375""",,"hash: ""0x6ba8737dfa2b59bd7086f2451a742a41df81ac449ebda09809b2ba334ac00875"" from: ""0x6bda0404288459cdc35b95a0162636088dccbee8"" to: ""0x8029c4c55afd6f0e93ec080c5041e7e62e21bceb"" tokenSymbol: ""MOVR"" value: ""0.01""","hash: ""0x202f3054044195312ff6a38391ae67c3fa169affaceff601fd7502a359c0acb1"" from: ""0x529d49e77c7c1f04be3b069252690491cf460851"" to: ""0x8e567e13e29883bccb589e151b0e05f4edb31f14"" tokenSymbol: ""MOVR"" value: ""0.058070619493372645""","hash: ""0x4826bfa5a19a90c1c7f0dfc3bfc9b79920e1dc0e5af03e75a77344dc4e4c1c04"" from: ""0x889cb44823b35fc53dfc3a8b58a825beb6a737b5"" to: ""0x193f6355dac06e9ecd2b2513942d7a5ddce275d5"" tokenSymbol: ""MOVR"" value: ""0.0388""",,"hash: ""0xe9152e945c21366ab99051f6fc4cf781d65eb72286fb59488b3fb0170c05c8f5"" from: ""0xfc03b644fc2bd233698cebb899af8c9d7480d502"" to: ""0x3822ef2affb4c5241512a7487062ec505dd2e525"" tokenSymbol: ""MOVR"" value: ""0.010641902654633637""",
,,,,"hash: ""0xb75ff903d27f3e2f376e0e04cb1606eea9dc3b6da660a4002e995d4ab025e049"" from: ""0x5a166573c84d5a9e910cd08bec432d2333bec707"" to: ""0xb6b89fb2c95ee0903f57a8fd9721f6a705ddcf3c"" tokenSymbol: ""MOVR"" value: ""0.29660788125""",,"hash: ""0x3e3d664365dde7a8696c1ac85d9abc887e01cf2ad22de137f01e7547b717c36f"" from: ""0x23db1258b7e83dee9120190cb452d621f4e29085"" to: ""0xbeb4d273c61cae9fb0d39ebd3cd6703d09292530"" tokenSymbol: ""MOVR"" value: ""8.84""","hash: ""0xdb2f4699495322880445f64deee5db1839e1c35b4e681ecd660f0318294492c7"" from: ""0x80048d1b4b3424ccf0b673ede1b76d122eba0335"" to: ""0x9375cdd1a20b45b008108336f09f99c0783386eb"" tokenSymbol: ""MOVR"" value: ""0.024950702""","hash: ""0x17d84aa743c15b881f71c8056b480e192d3a6eefe152ca34489fe56a8b59e2fe"" from: ""0xfe9a5d062c59b478469e29ecdea3bf0651d25c43"" to: ""0x193f6355dac06e9ecd2b2513942d7a5ddce275d5"" tokenSymbol: ""MOVR"" value: ""0.045438""",,"hash: ""0x8da2568ea9453226da8234f8f4c441cdca9d8990da314bc2744cf63c644102db"" from: ""0xfc03b644fc2bd233698cebb899af8c9d7480d502"" to: ""0x3822ef2affb4c5241512a7487062ec505dd2e525"" tokenSymbol: ""MOVR"" value: ""0.013420200622897824""",
,,,,,,"hash: ""0xdd9c275ee49e01b12ec28eef409cc50de75ae2fd5f1a07c7ad0fa548d15047f0"" from: ""0xbeb4d273c61cae9fb0d39ebd3cd6703d09292530"" to: ""0x9f479ae664f0beda22c64e5f48a150a6f85acb77"" tokenSymbol: ""MOVR"" value: ""8.79""","hash: ""0x943929a47adc19a75964d9214919da2ef523897a3075c1af56348b6a2d5e3700"" from: ""0x9375cdd1a20b45b008108336f09f99c0783386eb"" to: ""0x984a3fcff86abc617fe99226088ea1a6dd2cc28c"" tokenSymbol: ""MOVR"" value: ""0.024794641""","hash: ""0x4810b67d62ef3bedd65bc8212de5cc12b0de648471faf5c1c2e1684c511371cd"" from: ""0x966e96091df6ce838aa4943e5367d0a5beb10781"" to: ""0x62a14d57f12b23e8e3acfd64c4dd65d30503e7fd"" tokenSymbol: ""MOVR"" value: ""0.0487605""",,,
,,,,,,"hash: ""0x3995113db378b4d1ed320641896c1cd3a970622f2cee5e74e9599916fa6b1e18"" from: ""0x3c7d5bb537abae440e0abe552342f422a4b1e6c1"" to: ""0x6bda0404288459cdc35b95a0162636088dccbee8"" tokenSymbol: ""MOVR"" value: ""0.1""","hash: ""0x1e318be4bfa5cdc27b661db16a5bf8a9551c6d07d1e6b14940167b451f948b1c"" from: ""0x51336f4d75358b791a9697394b1698167ba3ae00"" to: ""0x6b44733ad66a69f21101dfef67564abe42e843db"" tokenSymbol: ""MOVR"" value: ""0.06250763499337264""","hash: ""0x79d52fa19ef6947b97a9c105798ee13467c5a316d8f97729d860205314aedd20"" from: ""0x966e96091df6ce838aa4943e5367d0a5beb10781"" to: ""0x62a14d57f12b23e8e3acfd64c4dd65d30503e7fd"" tokenSymbol: ""MOVR"" value: ""0.04124791""",,,
,,,,,,"hash: ""0x3849f4c960a631b185096e0becd5917b7bf9310f1e6451ad9d27cbc67f2498ad"" from: ""0x5f6777c4a4f6be1fb40702caabd06a660d56a42a"" to: ""0x92da9398d7fc1a9a005a730f2433f697215e75c1"" tokenSymbol: ""MOVR"" value: ""0.031""","hash: ""0xae21c94292d62ef4cff6e9511932235bf1006efa9ccee7861d2e5cc5940f0aef"" from: ""0x6b44733ad66a69f21101dfef67564abe42e843db"" to: ""0x65a3916d25e5dfb664bb91a40bde4ea00dd9aa8b"" tokenSymbol: ""MOVR"" value: ""0.05838274149337264""","hash: ""0x15dad09eeb580c5486f2b08bc749ca31ea18782bb098e46682499c9a0447f4b8"" from: ""0xd5a1f150a079c6cbb73a7bd585c7362efff13a5f"" to: ""0xe081e5ae3a47956bde081f17586d4c17d1075bde"" tokenSymbol: ""MOVR"" value: ""0.0468992""",,,
,,,,,,"hash: ""0xdd6a8076e907da58726f8fbddca717afa144743ee3f040a97f4e67535e6121d4"" from: ""0xceed5de12428369816cd22d1ba71463fc4c4c73e"" to: ""0x23db1258b7e83dee9120190cb452d621f4e29085"" tokenSymbol: ""MOVR"" value: ""8.9""","hash: ""0x7800182f29c978afbbcc909dace3688b99cd101f8f12fb977e644af3d58a8585"" from: ""0x4196e24ec64c4a3c48e2241559e271df01e0efc0"" to: ""0x6b44733ad66a69f21101dfef67564abe42e843db"" tokenSymbol: ""MOVR"" value: ""0.05648315349337264""","hash: ""0x1665fab16d7a4e05950ec5a9021fa9179802d3f11fb064b7dd239bd37d7254e7"" from: ""0xe081e5ae3a47956bde081f17586d4c17d1075bde"" to: ""0xfe9a5d062c59b478469e29ecdea3bf0651d25c43"" tokenSymbol: ""MOVR"" value: ""0.046169""",,,
,,,,,,"hash: ""0x2bcf5b134463ed17d783e294ab26f7141114ec7f0f9a85ec1790b4ff8731a564"" from: ""0x6b9137bea4aa33b7d06c74b7678d88da889e0051"" to: ""0x5f6777c4a4f6be1fb40702caabd06a660d56a42a"" tokenSymbol: ""MOVR"" value: ""0.055""","hash: ""0x29488f44139b9d4a6362045a011a2db8008317f673ecf51c7a1e10789516a654"" from: ""0x6b44733ad66a69f21101dfef67564abe42e843db"" to: ""0x359bbfe98323cdcd6434afdbecceab23f4b795bb"" tokenSymbol: ""MOVR"" value: ""0.05646149749337264""","hash: ""0x621b09a8f174f73ea13526e5d89fb164c798105c24e81f2ad0949be398040ff9"" from: ""0xd5a1f150a079c6cbb73a7bd585c7362efff13a5f"" to: ""0xe081e5ae3a47956bde081f17586d4c17d1075bde"" tokenSymbol: ""MOVR"" value: ""0.04007628""",,,
,,,,,,"hash: ""0xab9f17c713cf16c56da512fdad8590ce0edded3b9167268d176de2dc9f58b44e"" from: ""0xda8639ebade510607414fe396e98171280ee86f1"" to: ""0x9f479ae664f0beda22c64e5f48a150a6f85acb77"" tokenSymbol: ""MOVR"" value: ""4.6""","hash: ""0xd4274e58af218c081495fdff23568e3a06f67671ac78b5b43ee14bb0ed913df6"" from: ""0x6b44733ad66a69f21101dfef67564abe42e843db"" to: ""0x80048d1b4b3424ccf0b673ede1b76d122eba0335"" tokenSymbol: ""MOVR"" value: ""0.025""","hash: ""0xa689525f20c94b57c861bb44e4fe662eb29935894919d60b08fa94ae8b0e6347"" from: ""0xe081e5ae3a47956bde081f17586d4c17d1075bde"" to: ""0xfe9a5d062c59b478469e29ecdea3bf0651d25c43"" tokenSymbol: ""MOVR"" value: ""0.03968638""",,,
,,,,,,"hash: ""0x89c4408862c1b857138910b8d680a78b638df8d0755f3fe34efee06a3a6e56ac"" from: ""0x9f479ae664f0beda22c64e5f48a150a6f85acb77"" to: ""0xceed5de12428369816cd22d1ba71463fc4c4c73e"" tokenSymbol: ""MOVR"" value: ""9.0""","hash: ""0x9eb2aa818153b414eff7f3bc0b6b082e569b11c9825e9dbf0d690c65ac83dd2c"" from: ""0x6b44733ad66a69f21101dfef67564abe42e843db"" to: ""0x2d2297393fda1c1828bb588e0cedf5b2728a90fc"" tokenSymbol: ""MOVR"" value: ""0.030321808493372644""",,,,
,,,,,,"hash: ""0x9aad48c41f0931e9b664e29182a1bca1875f436206cde58e9bfabc6a8413bc3a"" from: ""0x9f479ae664f0beda22c64e5f48a150a6f85acb77"" to: ""0xceed5de12428369816cd22d1ba71463fc4c4c73e"" tokenSymbol: ""MOVR"" value: ""5.15""","hash: ""0x9f57ab5c9db0dd95055b40a97a9eaf5139cd8ffd7a90e6561629a6e5e4411633"" from: ""0xa5fd96e2baa75be1ff241af93be717f2d4217a59"" to: ""0x6b44733ad66a69f21101dfef67564abe42e843db"" tokenSymbol: ""MOVR"" value: ""0.002978344""",,,,
,,,,,,"hash: ""0x8fb3608f9fae2016995597479da20126f17a2717e410be244a108e792965f836"" from: ""0xda8639ebade510607414fe396e98171280ee86f1"" to: ""0x6b9137bea4aa33b7d06c74b7678d88da889e0051"" tokenSymbol: ""MOVR"" value: ""0.06""","hash: ""0x703d74425d67e5e2298c2e6501ada651f40d895010ea644dffe3812479e7a995"" from: ""0xb95f79c0b8e82a9c317de22a1113459fd91d2ebe"" to: ""0x6b44733ad66a69f21101dfef67564abe42e843db"" tokenSymbol: ""MOVR"" value: ""0.002978344""",,,,
,,,,,,,"hash: ""0xbddc78db215556f45169465e3b4ab9cd43fa6ae72f372accc3c57848de8bd618"" from: ""0x984a3fcff86abc617fe99226088ea1a6dd2cc28c"" to: ""0x6b44733ad66a69f21101dfef67564abe42e843db"" tokenSymbol: ""MOVR"" value: ""0.000577999""",,,,
,,,,,,,"hash: ""0x26887ed11530492f5db5ceaf5384cc5b94d83b354462e1f04af7e064ae956ad5"" from: ""0xdbad81023eb45873836cd33bd03f8401c75c9596"" to: ""0x6b44733ad66a69f21101dfef67564abe42e843db"" tokenSymbol: ""MOVR"" value: ""0.002964523""",,,,
,,,,,,,"hash: ""0xc86479bcfee55f7c4b8d96aa4d10709593d69a53117bb1f4868865016796ff56"" from: ""0xc985ba967b5bf8a03ab7fafcc8cc3fcb5f2c02f5"" to: ""0x6b44733ad66a69f21101dfef67564abe42e843db"" tokenSymbol: ""MOVR"" value: ""0.002963867""",,,,
,,,,,,,"hash: ""0xde07540e426f22b3727898910f9cf63323f3955f8b9666f3cfb16facfd43c42d"" from: ""0xa5fd96e2baa75be1ff241af93be717f2d4217a59"" to: ""0x6b44733ad66a69f21101dfef67564abe42e843db"" tokenSymbol: ""MOVR"" value: ""0.002929702""",,,,
,,,,,,,"hash: ""0x5f38dfd9c115015ff3685d38539ab4fdda6176902208d00a711ac8cc095be8df"" from: ""0xb95f79c0b8e82a9c317de22a1113459fd91d2ebe"" to: ""0x6b44733ad66a69f21101dfef67564abe42e843db"" tokenSymbol: ""MOVR"" value: ""0.002929702""",,,,
,,,,,,,"hash: ""0x06899be8ae65ec3f2059a2af22bfa43cee178d6c19690c0be956a216687823e2"" from: ""0x16e7f78a60e166df986d1d51691caf22080caee2"" to: ""0xb81da70312638fb32fd9d4d0650908ef69d67328"" tokenSymbol: ""MOVR"" value: ""0.06291814899337264""",,,,
,,,,,,,"hash: ""0xeb31af905110736b0212d447349ff3b64487b77dd895ada9b61c9b670af6132a"" from: ""0xb81da70312638fb32fd9d4d0650908ef69d67328"" to: ""0x7321e634dcaec6b0f92a09f2e3bac53788e1856a"" tokenSymbol: ""MOVR"" value: ""0.06286886299337265""",,,,
,,,,,,,"hash: ""0xec59f1191e1bd5792ad479480ec78fe0bfa9637a5435a518ae12cb84533896ec"" from: ""0xe4c49fbfb6783de50bfef9cba91f94d63ae40f44"" to: ""0x9893d28843734bffd1450cde950a8d5a0476d7fd"" tokenSymbol: ""MOVR"" value: ""0.06060796449337264""",,,,
,,,,,,,"hash: ""0xef00164eaf45c15f8a1ff26ef2d8e13cd9b5ea9aa95351b956447e07887c846b"" from: ""0x9893d28843734bffd1450cde950a8d5a0476d7fd"" to: ""0x88d77607f48212badd37f6275894027ee72d6345"" tokenSymbol: ""MOVR"" value: ""0.060342809493372646""",,,,
,,,,,,,"hash: ""0xe41457fd46fe9bd82faf335a15c6e8d1e1527352a4468a688c8a26eff5830dbf"" from: ""0xf5f10e92fa31a37061bdc0b407d05aa8c9307d18"" to: ""0xe4c49fbfb6783de50bfef9cba91f94d63ae40f44"" tokenSymbol: ""MOVR"" value: ""0.06076402549337264""",,,,
,,,,,,,"hash: ""0x14076132a644a03f664dc617f3619aafc13dccfe1f004b33c1e5458c5e071191"" from: ""0xfd31bad358f19db784873ebd075dd68231f113c8"" to: ""0xa1fa9e02c84b69e84f3818801f19db8da40d13d7"" tokenSymbol: ""MOVR"" value: ""0.05904898549337265""",,,,
,,,,,,,"hash: ""0x943c8238c7fdd8acb054d535c768458fb49e567f41a14bae61abc2d26b00d9f5"" from: ""0x984a3fcff86abc617fe99226088ea1a6dd2cc28c"" to: ""0xa5fd96e2baa75be1ff241af93be717f2d4217a59"" tokenSymbol: ""MOVR"" value: ""0.003""",,,,
,,,,,,,"hash: ""0x570a1131a67b3caca7d66e56571732dd31b6898ed6a9befdfa6c379fe1533770"" from: ""0xf2f78f7a1a5a6206cbc2a4ef1456d796624ed64d"" to: ""0xa5fd96e2baa75be1ff241af93be717f2d4217a59"" tokenSymbol: ""MOVR"" value: ""0.002965179""",,,,
,,,,,,,"hash: ""0x22db84dc2565a66e0391d67f8b5b0268fa4169eaeb32ca47e259ea16c6e2b04a"" from: ""0x7321e634dcaec6b0f92a09f2e3bac53788e1856a"" to: ""0x625a39bbbccb13bd093e1a31952c68d184045780"" tokenSymbol: ""MOVR"" value: ""0.06271283799337264""",,,,
,,,,,,,"hash: ""0xdc04b379772d0012465af9044a4cc13804c728516627226e8bfd14d665678449"" from: ""0x88d77607f48212badd37f6275894027ee72d6345"" to: ""0xfd31bad358f19db784873ebd075dd68231f113c8"" tokenSymbol: ""MOVR"" value: ""0.05920437849337264""",,,,
,,,,,,,"hash: ""0xbd6a826258bd44d663a8a1a118b798ff9e6a88a0133baac09eb53826097b05f5"" from: ""0x6acca84d948fca2e81f1a46ba59fd45131530248"" to: ""0xbe502d52e250d29865ae9ef024f586e23d93ba7f"" tokenSymbol: ""MOVR"" value: ""0.056207496493372644""",,,,
,,,,,,,"hash: ""0xbf1077ab53e039dce008a0acb4faaab85718a99f980b4036ea5fb6496b864ec5"" from: ""0x984a3fcff86abc617fe99226088ea1a6dd2cc28c"" to: ""0xb95f79c0b8e82a9c317de22a1113459fd91d2ebe"" tokenSymbol: ""MOVR"" value: ""0.003""",,,,
,,,,,,,"hash: ""0x2be7a1c97de5a5460212f46f2faeeff9321cf1a4846c488803b7cce2fc3d23de"" from: ""0x21fb32c51094821390a77a46427e403cc3b5065d"" to: ""0x1c28b88684488697e09aedfe14a72fbcde300101"" tokenSymbol: ""MOVR"" value: ""0.05600214949337264""",,,,
,,,,,,,"hash: ""0x87d2628d095d05bed5957e1d56930f7a598d177b85b97148c94d6314f982b5e4"" from: ""0x1c28b88684488697e09aedfe14a72fbcde300101"" to: ""0xe98303faef684c1b50803e42193dfb5a0fd2dbdc"" tokenSymbol: ""MOVR"" value: ""0.055846112493372645""",,,,
,,,,,,,"hash: ""0x628ee888cb95d8923c2a405c1ac8138d0fd777f542d92a87210d8d64cb596396"" from: ""0x155dcc4cb82d050ebaf4bfe4ec4efe34787fd026"" to: ""0x4196e24ec64c4a3c48e2241559e271df01e0efc0"" tokenSymbol: ""MOVR"" value: ""0.05663921449337264""",,,,
,,,,,,,"hash: ""0x1c83598159705bbe08a6721245c4fd3277c072c55fa89956dfbd6d2600d7ae64"" from: ""0x3a71b260967c31410743ffaee658d1b392b9af7a"" to: ""0x9fc080feacc3c9c7620d2e0618d4c35433e6f626"" tokenSymbol: ""MOVR"" value: ""0.06332942699337264""",,,,
,,,,,,,"hash: ""0x166d8f1b47a181b8b77f5961081b7ec579d88b64a02ed15972296fdb70407f80"" from: ""0xbe502d52e250d29865ae9ef024f586e23d93ba7f"" to: ""0x21fb32c51094821390a77a46427e403cc3b5065d"" tokenSymbol: ""MOVR"" value: ""0.056051447493372646""",,,,
,,,,,,,"hash: ""0x621191ac0408d0fb0032741ec36b5b64555a299fee03d86f9c309a1a45d052ba"" from: ""0x7cfb45d33f17ecc8e139da5822c39a009fd963df"" to: ""0xf5f10e92fa31a37061bdc0b407d05aa8c9307d18"" tokenSymbol: ""MOVR"" value: ""0.060813323493372644""",,,,
,,,,,,,"hash: ""0x9f115c63fea7a5bcbf3da90b3fe1879d0d04708ee27955c968831161d7e64282"" from: ""0x5b0d34a235f52b322f8345ec07c8210a633477cd"" to: ""0x16e7f78a60e166df986d1d51691caf22080caee2"" tokenSymbol: ""MOVR"" value: ""0.06307417399337265""",,,,
,,,,,,,"hash: ""0x6a2f2459f7e3afbc5126bb38e67b470be9dd002337434e951cce4dc007b3251a"" from: ""0xe98303faef684c1b50803e42193dfb5a0fd2dbdc"" to: ""0x5a2abc5452bf69fc0a4d3ffbd60d9d71853ef385"" tokenSymbol: ""MOVR"" value: ""0.05579681449337264""",,,,
,,,,,,,"hash: ""0xc429910267a341bebc9417c29030f31aa3c20c3fe61b3ad1962703aaf09f62fb"" from: ""0x5a2abc5452bf69fc0a4d3ffbd60d9d71853ef385"" to: ""0x4b47dac90541190834883bd2f19f426dc2e14dcf"" tokenSymbol: ""MOVR"" value: ""0.055640777493372644""",,,,
,,,,,,,"hash: ""0x01caa0b16eba7490fee1b4f3d9ff187c19d3fcf1ae9c6643c43d4c26e7e5c43d"" from: ""0x8e567e13e29883bccb589e151b0e05f4edb31f14"" to: ""0xf35ca242b8d7971f3fa4c0e6670693c62ccbad1a"" tokenSymbol: ""MOVR"" value: ""0.057914558493372646""",,,,
,,,,,,,"hash: ""0xbf2c0942622ee823e9942715769ac710707a89eb32419edc81cfbaf8de7c059e"" from: ""0x984a3fcff86abc617fe99226088ea1a6dd2cc28c"" to: ""0xc985ba967b5bf8a03ab7fafcc8cc3fcb5f2c02f5"" tokenSymbol: ""MOVR"" value: ""0.003""",,,,
,,,,,,,"hash: ""0x6c2f9d9486bae055b566c537f071a2bf16d3b990c7605e1b355990d18e575590"" from: ""0x625a39bbbccb13bd093e1a31952c68d184045780"" to: ""0x51336f4d75358b791a9697394b1698167ba3ae00"" tokenSymbol: ""MOVR"" value: ""0.06266356399337264""",,,,
,,,,,,,"hash: ""0x8a877d371df73e280eacf32675da48b862ddcdfa12ae08f813a98148fc1154de"" from: ""0x984a3fcff86abc617fe99226088ea1a6dd2cc28c"" to: ""0xf2f78f7a1a5a6206cbc2a4ef1456d796624ed64d"" tokenSymbol: ""MOVR"" value: ""0.003""",,,,
,,,,,,,"hash: ""0xecbb3a1fce1578f18fabe448f667ee48302f176686589a3fd0e2f34fcdf6a586"" from: ""0x984a3fcff86abc617fe99226088ea1a6dd2cc28c"" to: ""0xdbad81023eb45873836cd33bd03f8401c75c9596"" tokenSymbol: ""MOVR"" value: ""0.003""",,,,
